-- MySQL dump 10.13  Distrib 8.4.4, for macos15 (arm64)
--
-- Host: 127.0.0.1    Database: zelio
-- ------------------------------------------------------
-- Server version	8.4.4

/*!40101 SET @OLD_CHARACTER_SET_CLIENT=@@CHARACTER_SET_CLIENT */;
/*!40101 SET @OLD_CHARACTER_SET_RESULTS=@@CHARACTER_SET_RESULTS */;
/*!40101 SET @OLD_COLLATION_CONNECTION=@@COLLATION_CONNECTION */;
/*!50503 SET NAMES utf8mb4 */;
/*!40103 SET @OLD_TIME_ZONE=@@TIME_ZONE */;
/*!40103 SET TIME_ZONE='+00:00' */;
/*!40014 SET @OLD_UNIQUE_CHECKS=@@UNIQUE_CHECKS, UNIQUE_CHECKS=0 */;
/*!40014 SET @OLD_FOREIGN_KEY_CHECKS=@@FOREIGN_KEY_CHECKS, FOREIGN_KEY_CHECKS=0 */;
/*!40101 SET @OLD_SQL_MODE=@@SQL_MODE, SQL_MODE='NO_AUTO_VALUE_ON_ZERO' */;
/*!40111 SET @OLD_SQL_NOTES=@@SQL_NOTES, SQL_NOTES=0 */;

--
-- Table structure for table `activations`
--

DROP TABLE IF EXISTS `activations`;
/*!40101 SET @saved_cs_client     = @@character_set_client */;
/*!50503 SET character_set_client = utf8mb4 */;
CREATE TABLE `activations` (
  `id` bigint unsigned NOT NULL AUTO_INCREMENT,
  `user_id` bigint unsigned NOT NULL,
  `code` varchar(120) COLLATE utf8mb4_unicode_ci NOT NULL,
  `completed` tinyint(1) NOT NULL DEFAULT '0',
  `completed_at` timestamp NULL DEFAULT NULL,
  `created_at` timestamp NULL DEFAULT NULL,
  `updated_at` timestamp NULL DEFAULT NULL,
  PRIMARY KEY (`id`),
  KEY `activations_user_id_index` (`user_id`)
) ENGINE=InnoDB AUTO_INCREMENT=2 DEFAULT CHARSET=utf8mb4 COLLATE=utf8mb4_unicode_ci;
/*!40101 SET character_set_client = @saved_cs_client */;

--
-- Dumping data for table `activations`
--

LOCK TABLES `activations` WRITE;
/*!40000 ALTER TABLE `activations` DISABLE KEYS */;
INSERT INTO `activations` VALUES (1,1,'UKCpfD1hsIfrfoJaU4zPN2s2YS1x7ixj',1,'2025-06-25 17:23:06','2025-06-25 17:23:06','2025-06-25 17:23:06');
/*!40000 ALTER TABLE `activations` ENABLE KEYS */;
UNLOCK TABLES;

--
-- Table structure for table `admin_notifications`
--

DROP TABLE IF EXISTS `admin_notifications`;
/*!40101 SET @saved_cs_client     = @@character_set_client */;
/*!50503 SET character_set_client = utf8mb4 */;
CREATE TABLE `admin_notifications` (
  `id` bigint unsigned NOT NULL AUTO_INCREMENT,
  `title` varchar(191) COLLATE utf8mb4_unicode_ci NOT NULL,
  `action_label` varchar(191) COLLATE utf8mb4_unicode_ci DEFAULT NULL,
  `action_url` varchar(191) COLLATE utf8mb4_unicode_ci DEFAULT NULL,
  `description` varchar(400) COLLATE utf8mb4_unicode_ci DEFAULT NULL,
  `read_at` timestamp NULL DEFAULT NULL,
  `created_at` timestamp NULL DEFAULT NULL,
  `updated_at` timestamp NULL DEFAULT NULL,
  `permission` varchar(191) COLLATE utf8mb4_unicode_ci DEFAULT NULL,
  PRIMARY KEY (`id`)
) ENGINE=InnoDB DEFAULT CHARSET=utf8mb4 COLLATE=utf8mb4_unicode_ci;
/*!40101 SET character_set_client = @saved_cs_client */;

--
-- Dumping data for table `admin_notifications`
--

LOCK TABLES `admin_notifications` WRITE;
/*!40000 ALTER TABLE `admin_notifications` DISABLE KEYS */;
/*!40000 ALTER TABLE `admin_notifications` ENABLE KEYS */;
UNLOCK TABLES;

--
-- Table structure for table `announcements`
--

DROP TABLE IF EXISTS `announcements`;
/*!40101 SET @saved_cs_client     = @@character_set_client */;
/*!50503 SET character_set_client = utf8mb4 */;
CREATE TABLE `announcements` (
  `id` bigint unsigned NOT NULL AUTO_INCREMENT,
  `name` varchar(191) COLLATE utf8mb4_unicode_ci NOT NULL,
  `content` text COLLATE utf8mb4_unicode_ci NOT NULL,
  `has_action` tinyint(1) NOT NULL DEFAULT '0',
  `action_label` varchar(60) COLLATE utf8mb4_unicode_ci DEFAULT NULL,
  `action_url` varchar(400) COLLATE utf8mb4_unicode_ci DEFAULT NULL,
  `action_open_new_tab` tinyint(1) NOT NULL DEFAULT '0',
  `dismissible` tinyint(1) NOT NULL DEFAULT '0',
  `start_date` datetime DEFAULT NULL,
  `end_date` datetime DEFAULT NULL,
  `is_active` tinyint(1) NOT NULL DEFAULT '1',
  `created_at` timestamp NULL DEFAULT NULL,
  `updated_at` timestamp NULL DEFAULT NULL,
  PRIMARY KEY (`id`)
) ENGINE=InnoDB DEFAULT CHARSET=utf8mb4 COLLATE=utf8mb4_unicode_ci;
/*!40101 SET character_set_client = @saved_cs_client */;

--
-- Dumping data for table `announcements`
--

LOCK TABLES `announcements` WRITE;
/*!40000 ALTER TABLE `announcements` DISABLE KEYS */;
/*!40000 ALTER TABLE `announcements` ENABLE KEYS */;
UNLOCK TABLES;

--
-- Table structure for table `announcements_translations`
--

DROP TABLE IF EXISTS `announcements_translations`;
/*!40101 SET @saved_cs_client     = @@character_set_client */;
/*!50503 SET character_set_client = utf8mb4 */;
CREATE TABLE `announcements_translations` (
  `lang_code` varchar(191) COLLATE utf8mb4_unicode_ci NOT NULL,
  `announcements_id` bigint unsigned NOT NULL,
  `content` text COLLATE utf8mb4_unicode_ci,
  `action_label` varchar(60) COLLATE utf8mb4_unicode_ci DEFAULT NULL,
  PRIMARY KEY (`lang_code`,`announcements_id`)
) ENGINE=InnoDB DEFAULT CHARSET=utf8mb4 COLLATE=utf8mb4_unicode_ci;
/*!40101 SET character_set_client = @saved_cs_client */;

--
-- Dumping data for table `announcements_translations`
--

LOCK TABLES `announcements_translations` WRITE;
/*!40000 ALTER TABLE `announcements_translations` DISABLE KEYS */;
/*!40000 ALTER TABLE `announcements_translations` ENABLE KEYS */;
UNLOCK TABLES;

--
-- Table structure for table `audit_histories`
--

DROP TABLE IF EXISTS `audit_histories`;
/*!40101 SET @saved_cs_client     = @@character_set_client */;
/*!50503 SET character_set_client = utf8mb4 */;
CREATE TABLE `audit_histories` (
  `id` bigint unsigned NOT NULL AUTO_INCREMENT,
  `user_id` bigint unsigned NOT NULL,
  `user_type` varchar(191) COLLATE utf8mb4_unicode_ci DEFAULT 'Botble\\ACL\\Models\\User',
  `module` varchar(60) COLLATE utf8mb4_unicode_ci NOT NULL,
  `request` longtext COLLATE utf8mb4_unicode_ci,
  `action` varchar(120) COLLATE utf8mb4_unicode_ci NOT NULL,
  `user_agent` text COLLATE utf8mb4_unicode_ci,
  `ip_address` varchar(45) COLLATE utf8mb4_unicode_ci DEFAULT NULL,
  `actor_id` bigint unsigned NOT NULL,
  `actor_type` varchar(191) COLLATE utf8mb4_unicode_ci DEFAULT 'Botble\\ACL\\Models\\User',
  `reference_id` bigint unsigned NOT NULL,
  `reference_name` varchar(191) COLLATE utf8mb4_unicode_ci NOT NULL,
  `type` varchar(20) COLLATE utf8mb4_unicode_ci NOT NULL,
  `created_at` timestamp NULL DEFAULT NULL,
  `updated_at` timestamp NULL DEFAULT NULL,
  PRIMARY KEY (`id`),
  KEY `audit_histories_user_id_index` (`user_id`),
  KEY `audit_histories_module_index` (`module`)
) ENGINE=InnoDB DEFAULT CHARSET=utf8mb4 COLLATE=utf8mb4_unicode_ci;
/*!40101 SET character_set_client = @saved_cs_client */;

--
-- Dumping data for table `audit_histories`
--

LOCK TABLES `audit_histories` WRITE;
/*!40000 ALTER TABLE `audit_histories` DISABLE KEYS */;
/*!40000 ALTER TABLE `audit_histories` ENABLE KEYS */;
UNLOCK TABLES;

--
-- Table structure for table `cache`
--

DROP TABLE IF EXISTS `cache`;
/*!40101 SET @saved_cs_client     = @@character_set_client */;
/*!50503 SET character_set_client = utf8mb4 */;
CREATE TABLE `cache` (
  `key` varchar(191) COLLATE utf8mb4_unicode_ci NOT NULL,
  `value` mediumtext COLLATE utf8mb4_unicode_ci NOT NULL,
  `expiration` int NOT NULL,
  PRIMARY KEY (`key`)
) ENGINE=InnoDB DEFAULT CHARSET=utf8mb4 COLLATE=utf8mb4_unicode_ci;
/*!40101 SET character_set_client = @saved_cs_client */;

--
-- Dumping data for table `cache`
--

LOCK TABLES `cache` WRITE;
/*!40000 ALTER TABLE `cache` DISABLE KEYS */;
/*!40000 ALTER TABLE `cache` ENABLE KEYS */;
UNLOCK TABLES;

--
-- Table structure for table `cache_locks`
--

DROP TABLE IF EXISTS `cache_locks`;
/*!40101 SET @saved_cs_client     = @@character_set_client */;
/*!50503 SET character_set_client = utf8mb4 */;
CREATE TABLE `cache_locks` (
  `key` varchar(191) COLLATE utf8mb4_unicode_ci NOT NULL,
  `owner` varchar(191) COLLATE utf8mb4_unicode_ci NOT NULL,
  `expiration` int NOT NULL,
  PRIMARY KEY (`key`)
) ENGINE=InnoDB DEFAULT CHARSET=utf8mb4 COLLATE=utf8mb4_unicode_ci;
/*!40101 SET character_set_client = @saved_cs_client */;

--
-- Dumping data for table `cache_locks`
--

LOCK TABLES `cache_locks` WRITE;
/*!40000 ALTER TABLE `cache_locks` DISABLE KEYS */;
/*!40000 ALTER TABLE `cache_locks` ENABLE KEYS */;
UNLOCK TABLES;

--
-- Table structure for table `categories`
--

DROP TABLE IF EXISTS `categories`;
/*!40101 SET @saved_cs_client     = @@character_set_client */;
/*!50503 SET character_set_client = utf8mb4 */;
CREATE TABLE `categories` (
  `id` bigint unsigned NOT NULL AUTO_INCREMENT,
  `name` varchar(120) COLLATE utf8mb4_unicode_ci NOT NULL,
  `parent_id` bigint unsigned NOT NULL DEFAULT '0',
  `description` varchar(400) COLLATE utf8mb4_unicode_ci DEFAULT NULL,
  `status` varchar(60) COLLATE utf8mb4_unicode_ci NOT NULL DEFAULT 'published',
  `author_id` bigint unsigned DEFAULT NULL,
  `author_type` varchar(191) COLLATE utf8mb4_unicode_ci NOT NULL DEFAULT 'Botble\\ACL\\Models\\User',
  `icon` varchar(60) COLLATE utf8mb4_unicode_ci DEFAULT NULL,
  `order` int unsigned NOT NULL DEFAULT '0',
  `is_featured` tinyint NOT NULL DEFAULT '0',
  `is_default` tinyint unsigned NOT NULL DEFAULT '0',
  `created_at` timestamp NULL DEFAULT NULL,
  `updated_at` timestamp NULL DEFAULT NULL,
  PRIMARY KEY (`id`),
  KEY `categories_parent_id_index` (`parent_id`),
  KEY `categories_status_index` (`status`),
  KEY `categories_created_at_index` (`created_at`)
) ENGINE=InnoDB AUTO_INCREMENT=10 DEFAULT CHARSET=utf8mb4 COLLATE=utf8mb4_unicode_ci;
/*!40101 SET character_set_client = @saved_cs_client */;

--
-- Dumping data for table `categories`
--

LOCK TABLES `categories` WRITE;
/*!40000 ALTER TABLE `categories` DISABLE KEYS */;
INSERT INTO `categories` VALUES (1,'Web Development',0,'At consequatur quam temporibus illum. Vel et dolores dolores excepturi accusamus quia illum. Sit rerum suscipit autem consequuntur totam reprehenderit officia reprehenderit.','published',1,'Botble\\ACL\\Models\\User',NULL,0,0,0,'2025-06-25 17:23:07','2025-06-25 17:23:07'),(2,'Open Source Contributions',0,'Similique distinctio ipsam sed eos qui officia delectus. Eaque aliquid eaque fugiat et a. Et voluptatum et rerum et impedit est perferendis et.','published',1,'Botble\\ACL\\Models\\User',NULL,0,1,0,'2025-06-25 17:23:07','2025-06-25 17:23:07'),(3,'Tutorials',0,'Nihil adipisci aut fuga provident voluptas quidem. Iusto dolorem provident facilis. Qui atque hic alias dicta. Est fuga perspiciatis id est et.','published',1,'Botble\\ACL\\Models\\User',NULL,0,1,0,'2025-06-25 17:23:07','2025-06-25 17:23:07'),(4,'Technology Reviews',0,'Blanditiis eos sit et odio nobis earum esse. Ipsum modi occaecati quia voluptas et. Corporis id est fugiat et sit voluptates maiores non. Et est dicta iste quo ea libero.','published',1,'Botble\\ACL\\Models\\User',NULL,0,1,0,'2025-06-25 17:23:07','2025-06-25 17:23:07'),(5,'Personal Blog',0,'Hic reiciendis reprehenderit aperiam officia. Sint est sed accusantium saepe.','published',1,'Botble\\ACL\\Models\\User',NULL,0,1,0,'2025-06-25 17:23:07','2025-06-25 17:23:07'),(6,'Career Journey',0,'Minus dignissimos sed veritatis. Nihil molestiae ut aspernatur porro consequuntur. Sed maiores commodi quia iure voluptate. Ut aliquam architecto veritatis distinctio iusto ad expedita aperiam.','published',1,'Botble\\ACL\\Models\\User',NULL,0,1,0,'2025-06-25 17:23:07','2025-06-25 17:23:07'),(7,'Coding Challenges',0,'Dicta officiis labore et officiis nobis. Nisi itaque ipsum sed quae fugit. Et rerum voluptatem aut voluptatibus explicabo non. Non accusantium distinctio sed totam.','published',1,'Botble\\ACL\\Models\\User',NULL,0,1,0,'2025-06-25 17:23:07','2025-06-25 17:23:07'),(8,'Design Portfolio',0,'Quo blanditiis quia porro dicta fugit ut est voluptatem. Enim explicabo molestiae velit pariatur at tempore illo libero. Voluptates voluptas incidunt adipisci sunt.','published',1,'Botble\\ACL\\Models\\User',NULL,0,1,0,'2025-06-25 17:23:07','2025-06-25 17:23:07'),(9,'Collaborations',0,'Voluptatem id rerum et exercitationem nobis. Perferendis exercitationem et qui vel vel.','published',1,'Botble\\ACL\\Models\\User',NULL,0,1,0,'2025-06-25 17:23:07','2025-06-25 17:23:07');
/*!40000 ALTER TABLE `categories` ENABLE KEYS */;
UNLOCK TABLES;

--
-- Table structure for table `categories_translations`
--

DROP TABLE IF EXISTS `categories_translations`;
/*!40101 SET @saved_cs_client     = @@character_set_client */;
/*!50503 SET character_set_client = utf8mb4 */;
CREATE TABLE `categories_translations` (
  `lang_code` varchar(20) COLLATE utf8mb4_unicode_ci NOT NULL,
  `categories_id` bigint unsigned NOT NULL,
  `name` varchar(191) COLLATE utf8mb4_unicode_ci DEFAULT NULL,
  `description` varchar(400) COLLATE utf8mb4_unicode_ci DEFAULT NULL,
  PRIMARY KEY (`lang_code`,`categories_id`)
) ENGINE=InnoDB DEFAULT CHARSET=utf8mb4 COLLATE=utf8mb4_unicode_ci;
/*!40101 SET character_set_client = @saved_cs_client */;

--
-- Dumping data for table `categories_translations`
--

LOCK TABLES `categories_translations` WRITE;
/*!40000 ALTER TABLE `categories_translations` DISABLE KEYS */;
/*!40000 ALTER TABLE `categories_translations` ENABLE KEYS */;
UNLOCK TABLES;

--
-- Table structure for table `contact_custom_field_options`
--

DROP TABLE IF EXISTS `contact_custom_field_options`;
/*!40101 SET @saved_cs_client     = @@character_set_client */;
/*!50503 SET character_set_client = utf8mb4 */;
CREATE TABLE `contact_custom_field_options` (
  `id` bigint unsigned NOT NULL AUTO_INCREMENT,
  `custom_field_id` bigint unsigned NOT NULL,
  `label` varchar(191) COLLATE utf8mb4_unicode_ci DEFAULT NULL,
  `value` varchar(191) COLLATE utf8mb4_unicode_ci NOT NULL,
  `order` int NOT NULL DEFAULT '999',
  `created_at` timestamp NULL DEFAULT NULL,
  `updated_at` timestamp NULL DEFAULT NULL,
  PRIMARY KEY (`id`)
) ENGINE=InnoDB DEFAULT CHARSET=utf8mb4 COLLATE=utf8mb4_unicode_ci;
/*!40101 SET character_set_client = @saved_cs_client */;

--
-- Dumping data for table `contact_custom_field_options`
--

LOCK TABLES `contact_custom_field_options` WRITE;
/*!40000 ALTER TABLE `contact_custom_field_options` DISABLE KEYS */;
/*!40000 ALTER TABLE `contact_custom_field_options` ENABLE KEYS */;
UNLOCK TABLES;

--
-- Table structure for table `contact_custom_field_options_translations`
--

DROP TABLE IF EXISTS `contact_custom_field_options_translations`;
/*!40101 SET @saved_cs_client     = @@character_set_client */;
/*!50503 SET character_set_client = utf8mb4 */;
CREATE TABLE `contact_custom_field_options_translations` (
  `contact_custom_field_options_id` bigint unsigned NOT NULL,
  `lang_code` varchar(191) COLLATE utf8mb4_unicode_ci NOT NULL,
  `label` varchar(191) COLLATE utf8mb4_unicode_ci DEFAULT NULL,
  `value` varchar(191) COLLATE utf8mb4_unicode_ci DEFAULT NULL,
  PRIMARY KEY (`lang_code`,`contact_custom_field_options_id`)
) ENGINE=InnoDB DEFAULT CHARSET=utf8mb4 COLLATE=utf8mb4_unicode_ci;
/*!40101 SET character_set_client = @saved_cs_client */;

--
-- Dumping data for table `contact_custom_field_options_translations`
--

LOCK TABLES `contact_custom_field_options_translations` WRITE;
/*!40000 ALTER TABLE `contact_custom_field_options_translations` DISABLE KEYS */;
/*!40000 ALTER TABLE `contact_custom_field_options_translations` ENABLE KEYS */;
UNLOCK TABLES;

--
-- Table structure for table `contact_custom_fields`
--

DROP TABLE IF EXISTS `contact_custom_fields`;
/*!40101 SET @saved_cs_client     = @@character_set_client */;
/*!50503 SET character_set_client = utf8mb4 */;
CREATE TABLE `contact_custom_fields` (
  `id` bigint unsigned NOT NULL AUTO_INCREMENT,
  `type` varchar(191) COLLATE utf8mb4_unicode_ci NOT NULL,
  `required` tinyint(1) NOT NULL DEFAULT '0',
  `name` varchar(191) COLLATE utf8mb4_unicode_ci NOT NULL,
  `placeholder` varchar(191) COLLATE utf8mb4_unicode_ci DEFAULT NULL,
  `order` int NOT NULL DEFAULT '999',
  `status` varchar(191) COLLATE utf8mb4_unicode_ci NOT NULL DEFAULT 'published',
  `created_at` timestamp NULL DEFAULT NULL,
  `updated_at` timestamp NULL DEFAULT NULL,
  PRIMARY KEY (`id`)
) ENGINE=InnoDB DEFAULT CHARSET=utf8mb4 COLLATE=utf8mb4_unicode_ci;
/*!40101 SET character_set_client = @saved_cs_client */;

--
-- Dumping data for table `contact_custom_fields`
--

LOCK TABLES `contact_custom_fields` WRITE;
/*!40000 ALTER TABLE `contact_custom_fields` DISABLE KEYS */;
/*!40000 ALTER TABLE `contact_custom_fields` ENABLE KEYS */;
UNLOCK TABLES;

--
-- Table structure for table `contact_custom_fields_translations`
--

DROP TABLE IF EXISTS `contact_custom_fields_translations`;
/*!40101 SET @saved_cs_client     = @@character_set_client */;
/*!50503 SET character_set_client = utf8mb4 */;
CREATE TABLE `contact_custom_fields_translations` (
  `contact_custom_fields_id` bigint unsigned NOT NULL,
  `lang_code` varchar(191) COLLATE utf8mb4_unicode_ci NOT NULL,
  `name` varchar(191) COLLATE utf8mb4_unicode_ci DEFAULT NULL,
  `placeholder` varchar(191) COLLATE utf8mb4_unicode_ci DEFAULT NULL,
  PRIMARY KEY (`lang_code`,`contact_custom_fields_id`)
) ENGINE=InnoDB DEFAULT CHARSET=utf8mb4 COLLATE=utf8mb4_unicode_ci;
/*!40101 SET character_set_client = @saved_cs_client */;

--
-- Dumping data for table `contact_custom_fields_translations`
--

LOCK TABLES `contact_custom_fields_translations` WRITE;
/*!40000 ALTER TABLE `contact_custom_fields_translations` DISABLE KEYS */;
/*!40000 ALTER TABLE `contact_custom_fields_translations` ENABLE KEYS */;
UNLOCK TABLES;

--
-- Table structure for table `contact_replies`
--

DROP TABLE IF EXISTS `contact_replies`;
/*!40101 SET @saved_cs_client     = @@character_set_client */;
/*!50503 SET character_set_client = utf8mb4 */;
CREATE TABLE `contact_replies` (
  `id` bigint unsigned NOT NULL AUTO_INCREMENT,
  `message` longtext COLLATE utf8mb4_unicode_ci NOT NULL,
  `contact_id` bigint unsigned NOT NULL,
  `created_at` timestamp NULL DEFAULT NULL,
  `updated_at` timestamp NULL DEFAULT NULL,
  PRIMARY KEY (`id`)
) ENGINE=InnoDB DEFAULT CHARSET=utf8mb4 COLLATE=utf8mb4_unicode_ci;
/*!40101 SET character_set_client = @saved_cs_client */;

--
-- Dumping data for table `contact_replies`
--

LOCK TABLES `contact_replies` WRITE;
/*!40000 ALTER TABLE `contact_replies` DISABLE KEYS */;
/*!40000 ALTER TABLE `contact_replies` ENABLE KEYS */;
UNLOCK TABLES;

--
-- Table structure for table `contacts`
--

DROP TABLE IF EXISTS `contacts`;
/*!40101 SET @saved_cs_client     = @@character_set_client */;
/*!50503 SET character_set_client = utf8mb4 */;
CREATE TABLE `contacts` (
  `id` bigint unsigned NOT NULL AUTO_INCREMENT,
  `name` varchar(60) COLLATE utf8mb4_unicode_ci NOT NULL,
  `email` varchar(60) COLLATE utf8mb4_unicode_ci DEFAULT NULL,
  `phone` varchar(60) COLLATE utf8mb4_unicode_ci DEFAULT NULL,
  `address` varchar(120) COLLATE utf8mb4_unicode_ci DEFAULT NULL,
  `subject` varchar(120) COLLATE utf8mb4_unicode_ci DEFAULT NULL,
  `content` longtext COLLATE utf8mb4_unicode_ci NOT NULL,
  `custom_fields` text COLLATE utf8mb4_unicode_ci,
  `status` varchar(60) COLLATE utf8mb4_unicode_ci NOT NULL DEFAULT 'unread',
  `created_at` timestamp NULL DEFAULT NULL,
  `updated_at` timestamp NULL DEFAULT NULL,
  PRIMARY KEY (`id`)
) ENGINE=InnoDB DEFAULT CHARSET=utf8mb4 COLLATE=utf8mb4_unicode_ci;
/*!40101 SET character_set_client = @saved_cs_client */;

--
-- Dumping data for table `contacts`
--

LOCK TABLES `contacts` WRITE;
/*!40000 ALTER TABLE `contacts` DISABLE KEYS */;
/*!40000 ALTER TABLE `contacts` ENABLE KEYS */;
UNLOCK TABLES;

--
-- Table structure for table `dashboard_widget_settings`
--

DROP TABLE IF EXISTS `dashboard_widget_settings`;
/*!40101 SET @saved_cs_client     = @@character_set_client */;
/*!50503 SET character_set_client = utf8mb4 */;
CREATE TABLE `dashboard_widget_settings` (
  `id` bigint unsigned NOT NULL AUTO_INCREMENT,
  `settings` text COLLATE utf8mb4_unicode_ci,
  `user_id` bigint unsigned NOT NULL,
  `widget_id` bigint unsigned NOT NULL,
  `order` tinyint unsigned NOT NULL DEFAULT '0',
  `status` tinyint unsigned NOT NULL DEFAULT '1',
  `created_at` timestamp NULL DEFAULT NULL,
  `updated_at` timestamp NULL DEFAULT NULL,
  PRIMARY KEY (`id`),
  KEY `dashboard_widget_settings_user_id_index` (`user_id`),
  KEY `dashboard_widget_settings_widget_id_index` (`widget_id`)
) ENGINE=InnoDB DEFAULT CHARSET=utf8mb4 COLLATE=utf8mb4_unicode_ci;
/*!40101 SET character_set_client = @saved_cs_client */;

--
-- Dumping data for table `dashboard_widget_settings`
--

LOCK TABLES `dashboard_widget_settings` WRITE;
/*!40000 ALTER TABLE `dashboard_widget_settings` DISABLE KEYS */;
/*!40000 ALTER TABLE `dashboard_widget_settings` ENABLE KEYS */;
UNLOCK TABLES;

--
-- Table structure for table `dashboard_widgets`
--

DROP TABLE IF EXISTS `dashboard_widgets`;
/*!40101 SET @saved_cs_client     = @@character_set_client */;
/*!50503 SET character_set_client = utf8mb4 */;
CREATE TABLE `dashboard_widgets` (
  `id` bigint unsigned NOT NULL AUTO_INCREMENT,
  `name` varchar(120) COLLATE utf8mb4_unicode_ci NOT NULL,
  `created_at` timestamp NULL DEFAULT NULL,
  `updated_at` timestamp NULL DEFAULT NULL,
  PRIMARY KEY (`id`)
) ENGINE=InnoDB DEFAULT CHARSET=utf8mb4 COLLATE=utf8mb4_unicode_ci;
/*!40101 SET character_set_client = @saved_cs_client */;

--
-- Dumping data for table `dashboard_widgets`
--

LOCK TABLES `dashboard_widgets` WRITE;
/*!40000 ALTER TABLE `dashboard_widgets` DISABLE KEYS */;
/*!40000 ALTER TABLE `dashboard_widgets` ENABLE KEYS */;
UNLOCK TABLES;

--
-- Table structure for table `device_tokens`
--

DROP TABLE IF EXISTS `device_tokens`;
/*!40101 SET @saved_cs_client     = @@character_set_client */;
/*!50503 SET character_set_client = utf8mb4 */;
CREATE TABLE `device_tokens` (
  `id` bigint unsigned NOT NULL AUTO_INCREMENT,
  `token` varchar(191) COLLATE utf8mb4_unicode_ci NOT NULL,
  `platform` varchar(191) COLLATE utf8mb4_unicode_ci DEFAULT NULL,
  `app_version` varchar(191) COLLATE utf8mb4_unicode_ci DEFAULT NULL,
  `device_id` varchar(191) COLLATE utf8mb4_unicode_ci DEFAULT NULL,
  `user_type` varchar(191) COLLATE utf8mb4_unicode_ci DEFAULT NULL,
  `user_id` bigint unsigned DEFAULT NULL,
  `is_active` tinyint(1) NOT NULL DEFAULT '1',
  `last_used_at` timestamp NULL DEFAULT NULL,
  `created_at` timestamp NULL DEFAULT NULL,
  `updated_at` timestamp NULL DEFAULT NULL,
  PRIMARY KEY (`id`),
  UNIQUE KEY `device_tokens_token_unique` (`token`),
  KEY `device_tokens_user_type_user_id_index` (`user_type`,`user_id`),
  KEY `device_tokens_platform_is_active_index` (`platform`,`is_active`),
  KEY `device_tokens_is_active_index` (`is_active`)
) ENGINE=InnoDB DEFAULT CHARSET=utf8mb4 COLLATE=utf8mb4_unicode_ci;
/*!40101 SET character_set_client = @saved_cs_client */;

--
-- Dumping data for table `device_tokens`
--

LOCK TABLES `device_tokens` WRITE;
/*!40000 ALTER TABLE `device_tokens` DISABLE KEYS */;
/*!40000 ALTER TABLE `device_tokens` ENABLE KEYS */;
UNLOCK TABLES;

--
-- Table structure for table `failed_jobs`
--

DROP TABLE IF EXISTS `failed_jobs`;
/*!40101 SET @saved_cs_client     = @@character_set_client */;
/*!50503 SET character_set_client = utf8mb4 */;
CREATE TABLE `failed_jobs` (
  `id` bigint unsigned NOT NULL AUTO_INCREMENT,
  `uuid` varchar(191) COLLATE utf8mb4_unicode_ci NOT NULL,
  `connection` text COLLATE utf8mb4_unicode_ci NOT NULL,
  `queue` text COLLATE utf8mb4_unicode_ci NOT NULL,
  `payload` longtext COLLATE utf8mb4_unicode_ci NOT NULL,
  `exception` longtext COLLATE utf8mb4_unicode_ci NOT NULL,
  `failed_at` timestamp NOT NULL DEFAULT CURRENT_TIMESTAMP,
  PRIMARY KEY (`id`),
  UNIQUE KEY `failed_jobs_uuid_unique` (`uuid`)
) ENGINE=InnoDB DEFAULT CHARSET=utf8mb4 COLLATE=utf8mb4_unicode_ci;
/*!40101 SET character_set_client = @saved_cs_client */;

--
-- Dumping data for table `failed_jobs`
--

LOCK TABLES `failed_jobs` WRITE;
/*!40000 ALTER TABLE `failed_jobs` DISABLE KEYS */;
/*!40000 ALTER TABLE `failed_jobs` ENABLE KEYS */;
UNLOCK TABLES;

--
-- Table structure for table `faq_categories`
--

DROP TABLE IF EXISTS `faq_categories`;
/*!40101 SET @saved_cs_client     = @@character_set_client */;
/*!50503 SET character_set_client = utf8mb4 */;
CREATE TABLE `faq_categories` (
  `id` bigint unsigned NOT NULL AUTO_INCREMENT,
  `name` varchar(120) COLLATE utf8mb4_unicode_ci NOT NULL,
  `order` tinyint NOT NULL DEFAULT '0',
  `status` varchar(60) COLLATE utf8mb4_unicode_ci NOT NULL DEFAULT 'published',
  `created_at` timestamp NULL DEFAULT NULL,
  `updated_at` timestamp NULL DEFAULT NULL,
  `description` varchar(400) COLLATE utf8mb4_unicode_ci DEFAULT NULL,
  PRIMARY KEY (`id`)
) ENGINE=InnoDB AUTO_INCREMENT=4 DEFAULT CHARSET=utf8mb4 COLLATE=utf8mb4_unicode_ci;
/*!40101 SET character_set_client = @saved_cs_client */;

--
-- Dumping data for table `faq_categories`
--

LOCK TABLES `faq_categories` WRITE;
/*!40000 ALTER TABLE `faq_categories` DISABLE KEYS */;
INSERT INTO `faq_categories` VALUES (1,'Service Offerings',0,'published','2025-06-25 17:23:09','2025-06-25 17:23:09',NULL),(2,'Cost and Billing',1,'published','2025-06-25 17:23:09','2025-06-25 17:23:09',NULL),(3,'Follow-Up Support',2,'published','2025-06-25 17:23:09','2025-06-25 17:23:09',NULL);
/*!40000 ALTER TABLE `faq_categories` ENABLE KEYS */;
UNLOCK TABLES;

--
-- Table structure for table `faq_categories_translations`
--

DROP TABLE IF EXISTS `faq_categories_translations`;
/*!40101 SET @saved_cs_client     = @@character_set_client */;
/*!50503 SET character_set_client = utf8mb4 */;
CREATE TABLE `faq_categories_translations` (
  `lang_code` varchar(20) COLLATE utf8mb4_unicode_ci NOT NULL,
  `faq_categories_id` bigint unsigned NOT NULL,
  `name` varchar(120) COLLATE utf8mb4_unicode_ci DEFAULT NULL,
  PRIMARY KEY (`lang_code`,`faq_categories_id`)
) ENGINE=InnoDB DEFAULT CHARSET=utf8mb4 COLLATE=utf8mb4_unicode_ci;
/*!40101 SET character_set_client = @saved_cs_client */;

--
-- Dumping data for table `faq_categories_translations`
--

LOCK TABLES `faq_categories_translations` WRITE;
/*!40000 ALTER TABLE `faq_categories_translations` DISABLE KEYS */;
/*!40000 ALTER TABLE `faq_categories_translations` ENABLE KEYS */;
UNLOCK TABLES;

--
-- Table structure for table `faqs`
--

DROP TABLE IF EXISTS `faqs`;
/*!40101 SET @saved_cs_client     = @@character_set_client */;
/*!50503 SET character_set_client = utf8mb4 */;
CREATE TABLE `faqs` (
  `id` bigint unsigned NOT NULL AUTO_INCREMENT,
  `question` text COLLATE utf8mb4_unicode_ci NOT NULL,
  `answer` text COLLATE utf8mb4_unicode_ci NOT NULL,
  `category_id` bigint unsigned NOT NULL,
  `status` varchar(60) COLLATE utf8mb4_unicode_ci NOT NULL DEFAULT 'published',
  `created_at` timestamp NULL DEFAULT NULL,
  `updated_at` timestamp NULL DEFAULT NULL,
  PRIMARY KEY (`id`)
) ENGINE=InnoDB AUTO_INCREMENT=19 DEFAULT CHARSET=utf8mb4 COLLATE=utf8mb4_unicode_ci;
/*!40101 SET character_set_client = @saved_cs_client */;

--
-- Dumping data for table `faqs`
--

LOCK TABLES `faqs` WRITE;
/*!40000 ALTER TABLE `faqs` DISABLE KEYS */;
INSERT INTO `faqs` VALUES (1,'What is business consulting?','Business consulting involves providing expert advice to organizations to help them improve their performance and achieve their business objectives.',3,'published','2025-06-25 17:23:09','2025-06-25 17:23:09'),(2,'How can consulting services benefit my business?','Consulting services can provide insights, strategies, and solutions to address specific challenges, improve efficiency, enhance decision-making, and ultimately contribute to the overall success of your business.',1,'published','2025-06-25 17:23:09','2025-06-25 17:23:09'),(3,'What specific services do you provide?','We offer a range of services, including strategic planning, financial advisory, operations optimization, market research, and more. Our goal is to tailor our services to meet the unique needs of each client.',1,'published','2025-06-25 17:23:09','2025-06-25 17:23:09'),(4,'How do you structure your fees?','Our fees are structured based on the scope and complexity of the project. We offer different pricing models, including hourly rates, project-based fees, and retainer agreements. The specific fee structure will be discussed and agreed upon during the initial consultation.',1,'published','2025-06-25 17:23:09','2025-06-25 17:23:09'),(5,'What industries do you specialize in?','We have experience and expertise across various industries, including but not limited to technology, finance, healthcare, and manufacturing. Our consultants work closely with clients to understand industry-specific challenges and provide tailored solutions.',2,'published','2025-06-25 17:23:09','2025-06-25 17:23:09'),(6,'Can you share any client testimonials or case studies?','Certainly! We have a collection of client testimonials and case studies that highlight the success stories of our consulting engagements. Please visit our \'Client Success Stories\' section for more details.',1,'published','2025-06-25 17:23:09','2025-06-25 17:23:09'),(7,'How do you collaborate with clients during the consulting process?','We believe in a collaborative approach. Throughout the consulting process, we maintain open communication with our clients, involve key stakeholders, and ensure that the client\'s perspective is integral to the decision-making process.',3,'published','2025-06-25 17:23:09','2025-06-25 17:23:09'),(8,'How long does a typical consulting engagement last?','The duration of a consulting engagement varies depending on the nature and scope of the project. During the initial consultation, we work with clients to define the timeline and milestones for the project, ensuring alignment with their goals and objectives.',2,'published','2025-06-25 17:23:09','2025-06-25 17:23:09'),(9,'Who are the key members of your consulting team?','Our consulting team consists of highly qualified and experienced professionals with diverse backgrounds. You can learn more about our team members on the \'Meet the Team\' page of our website.',2,'published','2025-06-25 17:23:09','2025-06-25 17:23:09'),(10,'How do you handle client information and sensitive data?','We take data privacy and confidentiality seriously. Our firm adheres to strict security protocols to protect client information. We have established measures to ensure the confidentiality and security of sensitive data throughout the consulting process.',1,'published','2025-06-25 17:23:09','2025-06-25 17:23:09'),(11,'Is there ongoing support after the consulting engagement?','Yes, we provide ongoing support to our clients even after the completion of the consulting engagement. This may include follow-up meetings, additional training, and assistance with the implementation of recommended strategies to ensure sustained success.',2,'published','2025-06-25 17:23:09','2025-06-25 17:23:09'),(12,'What is your policy regarding cancellations?','Our cancellation policy is outlined in the consulting agreement. Generally, we require advance notice for cancellations, and any associated fees or refunds will be discussed and agreed upon during the initial engagement negotiations.',2,'published','2025-06-25 17:23:09','2025-06-25 17:23:09'),(13,'What is your approach to sustainability consulting?','In sustainability consulting, we work with clients to develop environmentally responsible and socially conscious business practices. Our approach involves assessing current operations, identifying areas for improvement, and implementing sustainable strategies to reduce environmental impact and promote corporate social responsibility.',2,'published','2025-06-25 17:23:09','2025-06-25 17:23:09'),(14,'Do you offer remote consulting services?','Yes, we offer remote consulting services to clients worldwide. Our team is equipped to conduct virtual meetings, collaborate online, and deliver effective consulting services remotely. This allows us to work with clients regardless of geographical location.',3,'published','2025-06-25 17:23:09','2025-06-25 17:23:09'),(15,'How can your technology integration services benefit my business?','Our technology integration services focus on streamlining business processes through the effective use of technology. By integrating the right technologies, we help businesses enhance efficiency, improve communication, and stay competitive in today\'s rapidly evolving digital landscape.',2,'published','2025-06-25 17:23:09','2025-06-25 17:23:09'),(16,'What sets your leadership development programs apart?','Our leadership development programs are designed to empower individuals at all levels of an organization. We go beyond traditional training, focusing on personalized coaching, mentorship, and experiential learning to cultivate effective and inspiring leaders within your company.',2,'published','2025-06-25 17:23:09','2025-06-25 17:23:09'),(17,'How do you stay updated on industry trends and best practices?','We are committed to staying at the forefront of industry trends and best practices. Our team actively engages in continuous learning, participates in relevant conferences, and maintains a strong network of industry professionals to ensure that our consulting services are informed by the latest insights and innovations.',1,'published','2025-06-25 17:23:09','2025-06-25 17:23:09'),(18,'What measures do you take to ensure the quality of your consulting services?','We prioritize the quality of our consulting services by implementing rigorous quality assurance processes. This includes regular reviews of our methodologies, ongoing training for our consultants, and soliciting feedback from clients to continuously improve our service delivery.',3,'published','2025-06-25 17:23:09','2025-06-25 17:23:09');
/*!40000 ALTER TABLE `faqs` ENABLE KEYS */;
UNLOCK TABLES;

--
-- Table structure for table `faqs_translations`
--

DROP TABLE IF EXISTS `faqs_translations`;
/*!40101 SET @saved_cs_client     = @@character_set_client */;
/*!50503 SET character_set_client = utf8mb4 */;
CREATE TABLE `faqs_translations` (
  `lang_code` varchar(20) COLLATE utf8mb4_unicode_ci NOT NULL,
  `faqs_id` bigint unsigned NOT NULL,
  `question` text COLLATE utf8mb4_unicode_ci,
  `answer` text COLLATE utf8mb4_unicode_ci,
  PRIMARY KEY (`lang_code`,`faqs_id`)
) ENGINE=InnoDB DEFAULT CHARSET=utf8mb4 COLLATE=utf8mb4_unicode_ci;
/*!40101 SET character_set_client = @saved_cs_client */;

--
-- Dumping data for table `faqs_translations`
--

LOCK TABLES `faqs_translations` WRITE;
/*!40000 ALTER TABLE `faqs_translations` DISABLE KEYS */;
/*!40000 ALTER TABLE `faqs_translations` ENABLE KEYS */;
UNLOCK TABLES;

--
-- Table structure for table `fob_comments`
--

DROP TABLE IF EXISTS `fob_comments`;
/*!40101 SET @saved_cs_client     = @@character_set_client */;
/*!50503 SET character_set_client = utf8mb4 */;
CREATE TABLE `fob_comments` (
  `id` bigint unsigned NOT NULL AUTO_INCREMENT,
  `reply_to` bigint unsigned DEFAULT NULL,
  `author_type` varchar(191) COLLATE utf8mb4_unicode_ci DEFAULT NULL,
  `author_id` bigint unsigned DEFAULT NULL,
  `reference_type` varchar(191) COLLATE utf8mb4_unicode_ci DEFAULT NULL,
  `reference_id` bigint unsigned DEFAULT NULL,
  `reference_url` varchar(255) COLLATE utf8mb4_unicode_ci DEFAULT NULL,
  `name` varchar(120) COLLATE utf8mb4_unicode_ci NOT NULL,
  `email` varchar(120) COLLATE utf8mb4_unicode_ci DEFAULT NULL,
  `website` varchar(255) COLLATE utf8mb4_unicode_ci DEFAULT NULL,
  `content` longtext COLLATE utf8mb4_unicode_ci NOT NULL,
  `status` varchar(60) COLLATE utf8mb4_unicode_ci NOT NULL DEFAULT 'pending',
  `ip_address` varchar(45) COLLATE utf8mb4_unicode_ci NOT NULL,
  `user_agent` text COLLATE utf8mb4_unicode_ci,
  `created_at` timestamp NULL DEFAULT NULL,
  `updated_at` timestamp NULL DEFAULT NULL,
  PRIMARY KEY (`id`),
  KEY `fob_comments_author_type_author_id_index` (`author_type`,`author_id`),
  KEY `fob_comments_reference_type_reference_id_index` (`reference_type`,`reference_id`),
  KEY `fob_comments_reply_to_index` (`reply_to`),
  KEY `fob_comments_reference_url_index` (`reference_url`),
  KEY `fob_comments_status_index` (`status`)
) ENGINE=InnoDB AUTO_INCREMENT=48 DEFAULT CHARSET=utf8mb4 COLLATE=utf8mb4_unicode_ci;
/*!40101 SET character_set_client = @saved_cs_client */;

--
-- Dumping data for table `fob_comments`
--

LOCK TABLES `fob_comments` WRITE;
/*!40000 ALTER TABLE `fob_comments` DISABLE KEYS */;
INSERT INTO `fob_comments` VALUES (1,NULL,NULL,NULL,'Botble\\Blog\\Models\\Post',3,'http://zelio.test','Miss Winnifred Schaden DVM','jsimonis@yahoo.com','https://friendsofbotble.com','This is really helpful, thank you!','approved','52.79.76.234','Mozilla/5.0 (Macintosh; PPC Mac OS X 10_7_1) AppleWebKit/531.2 (KHTML, like Gecko) Chrome/84.0.4363.87 Safari/531.2 Edg/84.01024.5','2025-06-13 08:25:27','2025-06-25 17:23:12'),(2,NULL,NULL,NULL,'Botble\\Blog\\Models\\Post',1,'http://zelio.test','Felix Hagenes','emelia.boyer@yahoo.com','https://friendsofbotble.com','I found this article to be quite informative.','approved','140.14.45.43','Mozilla/5.0 (X11; Linux i686; rv:7.0) Gecko/20220219 Firefox/37.0','2025-06-24 05:38:34','2025-06-25 17:23:12'),(3,NULL,NULL,NULL,'Botble\\Blog\\Models\\Post',13,'http://zelio.test','Vivianne Predovic','tierra54@hotmail.com','https://friendsofbotble.com','Wow, I never knew about this before!','approved','156.74.104.16','Mozilla/5.0 (X11; Linux x86_64) AppleWebKit/537.2 (KHTML, like Gecko) Chrome/90.0.4118.64 Safari/537.2 EdgA/90.01010.61','2025-06-22 10:34:13','2025-06-25 17:23:12'),(4,NULL,NULL,NULL,'Botble\\Blog\\Models\\Post',5,'http://zelio.test','Manley Hill','jones.jazlyn@yahoo.com','https://friendsofbotble.com','Great job on explaining such a complex topic.','approved','191.67.147.11','Opera/9.34 (Windows NT 5.2; en-US) Presto/2.10.249 Version/10.00','2025-06-24 10:48:57','2025-06-25 17:23:12'),(5,NULL,NULL,NULL,'Botble\\Blog\\Models\\Post',1,'http://zelio.test','Ms. Sabrina Kutch','utorp@yahoo.com','https://friendsofbotble.com','I have a question about the third paragraph.','approved','21.187.72.57','Mozilla/5.0 (compatible; MSIE 10.0; Windows NT 6.1; Trident/5.0)','2025-06-16 20:04:23','2025-06-25 17:23:12'),(6,NULL,NULL,NULL,'Botble\\Blog\\Models\\Post',12,'http://zelio.test','Mr. Jaycee Rowe','giovanny.kub@okuneva.com','https://friendsofbotble.com','This article changed my perspective entirely.','approved','247.84.238.88','Mozilla/5.0 (compatible; MSIE 10.0; Windows 98; Trident/3.0)','2025-06-18 23:03:57','2025-06-25 17:23:12'),(7,NULL,NULL,NULL,'Botble\\Blog\\Models\\Post',13,'http://zelio.test','Candida Beer','xcormier@jacobs.org','https://friendsofbotble.com','I appreciate the effort you put into this.','approved','241.234.5.80','Opera/8.60 (Windows CE; nl-NL) Presto/2.9.232 Version/11.00','2025-06-10 05:49:36','2025-06-25 17:23:12'),(8,NULL,NULL,NULL,'Botble\\Blog\\Models\\Post',15,'http://zelio.test','Mr. Keyon Shanahan DDS','johns.vernon@thiel.com','https://friendsofbotble.com','This is exactly what I was looking for, thank you!','approved','29.148.52.118','Mozilla/5.0 (X11; Linux x86_64) AppleWebKit/5361 (KHTML, like Gecko) Chrome/36.0.869.0 Mobile Safari/5361','2025-06-09 12:31:22','2025-06-25 17:23:12'),(9,NULL,NULL,NULL,'Botble\\Blog\\Models\\Post',6,'http://zelio.test','Stephon McDermott','stroman.gus@yahoo.com','https://friendsofbotble.com','I disagree with some points mentioned here, though.','approved','56.122.246.83','Mozilla/5.0 (Windows NT 6.2) AppleWebKit/5360 (KHTML, like Gecko) Chrome/36.0.812.0 Mobile Safari/5360','2025-05-31 12:26:03','2025-06-25 17:23:12'),(10,NULL,NULL,NULL,'Botble\\Blog\\Models\\Post',8,'http://zelio.test','Cody Gaylord','bhegmann@von.net','https://friendsofbotble.com','Could you provide more examples to illustrate your point?','approved','48.224.136.178','Mozilla/5.0 (Macintosh; PPC Mac OS X 10_6_0 rv:6.0; nl-NL) AppleWebKit/534.44.1 (KHTML, like Gecko) Version/4.0 Safari/534.44.1','2025-06-10 16:37:18','2025-06-25 17:23:12'),(11,NULL,NULL,NULL,'Botble\\Blog\\Models\\Post',11,'http://zelio.test','Nathan Carter','mosciski.albertha@mcglynn.biz','https://friendsofbotble.com','I wish there were more articles like this out there.','approved','170.154.53.58','Mozilla/5.0 (iPhone; CPU iPhone OS 8_0_2 like Mac OS X; nl-NL) AppleWebKit/533.19.6 (KHTML, like Gecko) Version/3.0.5 Mobile/8B114 Safari/6533.19.6','2025-05-29 22:14:05','2025-06-25 17:23:12'),(12,NULL,NULL,NULL,'Botble\\Blog\\Models\\Post',14,'http://zelio.test','Daija Kub','rschumm@smith.com','https://friendsofbotble.com','I\'m bookmarking this for future reference.','approved','105.150.126.159','Mozilla/5.0 (Macintosh; PPC Mac OS X 10_7_1 rv:3.0) Gecko/20150425 Firefox/35.0','2025-06-05 07:21:42','2025-06-25 17:23:12'),(13,NULL,NULL,NULL,'Botble\\Blog\\Models\\Post',3,'http://zelio.test','Antonietta Harber','felton07@nienow.org','https://friendsofbotble.com','I\'ve shared this with my friends, they loved it!','approved','77.164.184.178','Mozilla/5.0 (Windows 95; nl-NL; rv:1.9.1.20) Gecko/20151130 Firefox/35.0','2025-06-20 19:09:15','2025-06-25 17:23:12'),(14,NULL,NULL,NULL,'Botble\\Blog\\Models\\Post',10,'http://zelio.test','Miss Hailee Dickinson I','frippin@graham.com','https://friendsofbotble.com','This article is a must-read for everyone interested in the topic.','approved','16.146.221.12','Mozilla/5.0 (compatible; MSIE 6.0; Windows NT 5.0; Trident/4.0)','2025-06-19 11:28:21','2025-06-25 17:23:12'),(15,NULL,NULL,NULL,'Botble\\Blog\\Models\\Post',4,'http://zelio.test','Kelvin Turcotte','emmy.altenwerth@gmail.com','https://friendsofbotble.com','Thank you for shedding light on this important issue.','approved','252.152.7.120','Opera/8.92 (Windows 98; Win 9x 4.90; nl-NL) Presto/2.8.348 Version/11.00','2025-06-21 18:30:28','2025-06-25 17:23:12'),(16,NULL,NULL,NULL,'Botble\\Blog\\Models\\Post',13,'http://zelio.test','Evangeline Muller MD','albertha.watsica@hotmail.com','https://friendsofbotble.com','I\'ve been searching for information on this topic, glad I found this article.','approved','101.235.105.232','Opera/9.37 (X11; Linux i686; nl-NL) Presto/2.12.268 Version/10.00','2025-05-28 22:43:14','2025-06-25 17:23:12'),(17,NULL,NULL,NULL,'Botble\\Blog\\Models\\Post',1,'http://zelio.test','Amber Maggio III','berenice76@yahoo.com','https://friendsofbotble.com','I\'m blown away by the insights shared in this article.','approved','91.85.79.103','Mozilla/5.0 (Macintosh; U; Intel Mac OS X 10_5_3 rv:3.0) Gecko/20170815 Firefox/35.0','2025-06-25 11:03:43','2025-06-25 17:23:12'),(18,NULL,NULL,NULL,'Botble\\Blog\\Models\\Post',11,'http://zelio.test','Frederick Frami','tillman.billy@gmail.com','https://friendsofbotble.com','This article tackles a complex topic with clarity.','approved','231.50.61.26','Mozilla/5.0 (Windows 95; nl-NL; rv:1.9.1.20) Gecko/20150308 Firefox/36.0','2025-06-09 09:41:31','2025-06-25 17:23:12'),(19,NULL,NULL,NULL,'Botble\\Blog\\Models\\Post',7,'http://zelio.test','Arne Langosh III','spinka.flavio@luettgen.com','https://friendsofbotble.com','I\'m going to reflect on the ideas presented in this article.','approved','69.34.59.122','Mozilla/5.0 (Macintosh; Intel Mac OS X 10_5_8 rv:5.0; sl-SI) AppleWebKit/535.33.3 (KHTML, like Gecko) Version/5.1 Safari/535.33.3','2025-06-21 04:56:03','2025-06-25 17:23:12'),(20,NULL,NULL,NULL,'Botble\\Blog\\Models\\Post',1,'http://zelio.test','Austyn Roob I','broderick10@gmail.com','https://friendsofbotble.com','The author\'s passion for the subject shines through in this article.','approved','59.84.121.184','Mozilla/5.0 (compatible; MSIE 5.0; Windows NT 6.0; Trident/4.0)','2025-05-27 09:56:56','2025-06-25 17:23:12'),(21,NULL,NULL,NULL,'Botble\\Blog\\Models\\Post',11,'http://zelio.test','Prof. Terrance Brakus','christopher.oconnell@gmail.com','https://friendsofbotble.com','This article challenged my preconceptions in a thought-provoking way.','approved','240.151.217.167','Opera/9.69 (Windows NT 5.2; en-US) Presto/2.8.273 Version/12.00','2025-06-07 22:24:23','2025-06-25 17:23:12'),(22,NULL,NULL,NULL,'Botble\\Blog\\Models\\Post',4,'http://zelio.test','Gerda Hirthe','cordell.gottlieb@streich.com','https://friendsofbotble.com','I\'ve added this article to my reading list, it\'s worth revisiting.','approved','62.95.27.141','Mozilla/5.0 (compatible; MSIE 8.0; Windows NT 6.1; Trident/5.1)','2025-06-04 03:44:30','2025-06-25 17:23:12'),(23,NULL,NULL,NULL,'Botble\\Blog\\Models\\Post',15,'http://zelio.test','Halie Yost','jonathon.fahey@little.com','https://friendsofbotble.com','This article offers practical advice that I can apply in real life.','approved','137.43.206.134','Mozilla/5.0 (compatible; MSIE 6.0; Windows NT 4.0; Trident/5.0)','2025-06-01 19:22:53','2025-06-25 17:23:12'),(24,NULL,NULL,NULL,'Botble\\Blog\\Models\\Post',5,'http://zelio.test','Herbert Torp','ella.mosciski@huels.com','https://friendsofbotble.com','I\'m going to recommend this article to my study group.','approved','5.6.91.2','Mozilla/5.0 (Macintosh; U; PPC Mac OS X 10_5_1) AppleWebKit/5331 (KHTML, like Gecko) Chrome/37.0.871.0 Mobile Safari/5331','2025-06-05 01:07:50','2025-06-25 17:23:12'),(25,NULL,NULL,NULL,'Botble\\Blog\\Models\\Post',14,'http://zelio.test','Prof. Katelyn Klocko','dashawn20@littel.com','https://friendsofbotble.com','The examples provided really helped me understand the concept better.','approved','189.177.93.64','Mozilla/5.0 (Windows 98; Win 9x 4.90) AppleWebKit/5332 (KHTML, like Gecko) Chrome/39.0.899.0 Mobile Safari/5332','2025-06-23 11:00:26','2025-06-25 17:23:12'),(26,NULL,NULL,NULL,'Botble\\Blog\\Models\\Post',13,'http://zelio.test','Alvera Pacocha','marisol.wisoky@gmail.com','https://friendsofbotble.com','I resonate with the ideas presented here.','approved','215.211.53.27','Opera/8.33 (X11; Linux i686; en-US) Presto/2.12.301 Version/11.00','2025-06-12 13:33:56','2025-06-25 17:23:12'),(27,NULL,NULL,NULL,'Botble\\Blog\\Models\\Post',8,'http://zelio.test','Dr. Robert Hudson','haley.hettinger@yahoo.com','https://friendsofbotble.com','This article made me think critically about the topic.','approved','136.139.85.219','Mozilla/5.0 (Windows NT 6.2) AppleWebKit/536.2 (KHTML, like Gecko) Chrome/99.0.4097.93 Safari/536.2 Edg/99.01058.90','2025-05-29 10:03:40','2025-06-25 17:23:12'),(28,NULL,NULL,NULL,'Botble\\Blog\\Models\\Post',7,'http://zelio.test','Prof. Mohamed Kutch DVM','koepp.raymundo@gmail.com','https://friendsofbotble.com','I\'ll definitely come back to this article for reference.','approved','75.98.124.160','Opera/8.49 (X11; Linux x86_64; en-US) Presto/2.12.334 Version/11.00','2025-05-30 07:39:55','2025-06-25 17:23:12'),(29,NULL,NULL,NULL,'Botble\\Blog\\Models\\Post',10,'http://zelio.test','Adonis Wisoky','wmcglynn@hotmail.com','https://friendsofbotble.com','I\'ve shared this on social media, it\'s too good not to share.','approved','93.211.250.225','Mozilla/5.0 (Windows NT 6.2) AppleWebKit/5330 (KHTML, like Gecko) Chrome/38.0.835.0 Mobile Safari/5330','2025-06-06 10:47:36','2025-06-25 17:23:12'),(30,NULL,NULL,NULL,'Botble\\Blog\\Models\\Post',8,'http://zelio.test','Bertram Dicki','whuels@yahoo.com','https://friendsofbotble.com','This article presents a balanced view on a controversial topic.','approved','218.118.84.106','Mozilla/5.0 (compatible; MSIE 6.0; Windows NT 5.2; Trident/3.1)','2025-06-04 10:15:19','2025-06-25 17:23:12'),(31,NULL,NULL,NULL,'Botble\\Blog\\Models\\Post',11,'http://zelio.test','Mya Becker','george16@hotmail.com','https://friendsofbotble.com','I\'m glad I stumbled upon this article, it\'s a gem.','approved','11.244.194.132','Mozilla/5.0 (X11; Linux x86_64; rv:7.0) Gecko/20180312 Firefox/35.0','2025-06-11 22:25:22','2025-06-25 17:23:12'),(32,NULL,NULL,NULL,'Botble\\Blog\\Models\\Post',6,'http://zelio.test','Verdie Nikolaus','lubowitz.kelley@ebert.net','https://friendsofbotble.com','I\'ve been struggling with this, your article helped a lot.','approved','15.26.205.135','Mozilla/5.0 (X11; Linux i686) AppleWebKit/5351 (KHTML, like Gecko) Chrome/40.0.835.0 Mobile Safari/5351','2025-06-23 01:37:04','2025-06-25 17:23:12'),(33,NULL,NULL,NULL,'Botble\\Blog\\Models\\Post',14,'http://zelio.test','Sonia Bailey','gwaters@johnson.org','https://friendsofbotble.com','I\'ve learned something new today, thanks to this article.','approved','147.143.95.146','Mozilla/5.0 (Macintosh; U; PPC Mac OS X 10_6_9 rv:5.0) Gecko/20141008 Firefox/35.0','2025-06-12 13:09:34','2025-06-25 17:23:12'),(34,NULL,NULL,NULL,'Botble\\Blog\\Models\\Post',8,'http://zelio.test','Jessyca O\'Hara Sr.','ebayer@corkery.com','https://friendsofbotble.com','Kudos to the author for a well-researched piece.','approved','63.16.176.246','Opera/8.53 (Windows CE; sl-SI) Presto/2.12.203 Version/10.00','2025-06-25 03:50:48','2025-06-25 17:23:12'),(35,NULL,NULL,NULL,'Botble\\Blog\\Models\\Post',2,'http://zelio.test','Dr. Sydney West PhD','reina06@hotmail.com','https://friendsofbotble.com','I\'m impressed by the depth of knowledge demonstrated here.','approved','143.233.47.127','Mozilla/5.0 (Macintosh; U; Intel Mac OS X 10_8_1) AppleWebKit/5330 (KHTML, like Gecko) Chrome/38.0.859.0 Mobile Safari/5330','2025-06-02 09:15:45','2025-06-25 17:23:12'),(36,NULL,NULL,NULL,'Botble\\Blog\\Models\\Post',7,'http://zelio.test','Darryl Lueilwitz','strosin.herbert@strosin.com','https://friendsofbotble.com','This article challenged my assumptions in a good way.','approved','73.152.240.230','Opera/8.58 (Windows 98; nl-NL) Presto/2.9.208 Version/10.00','2025-06-13 16:36:33','2025-06-25 17:23:12'),(37,NULL,NULL,NULL,'Botble\\Blog\\Models\\Post',2,'http://zelio.test','Ayana Moen','green.madie@turner.com','https://friendsofbotble.com','I\'ve shared this with my colleagues, it\'s worth discussing.','approved','17.170.129.51','Mozilla/5.0 (Macintosh; U; Intel Mac OS X 10_8_6 rv:6.0; nl-NL) AppleWebKit/531.49.6 (KHTML, like Gecko) Version/4.0.3 Safari/531.49.6','2025-06-16 23:52:07','2025-06-25 17:23:12'),(38,NULL,NULL,NULL,'Botble\\Blog\\Models\\Post',5,'http://zelio.test','Aisha Ratke','cullen.cassin@gmail.com','https://friendsofbotble.com','The information presented here is very valuable.','approved','46.93.235.250','Mozilla/5.0 (Macintosh; PPC Mac OS X 10_7_9) AppleWebKit/535.1 (KHTML, like Gecko) Chrome/83.0.4189.97 Safari/535.1 Edg/83.01109.6','2025-06-04 18:25:37','2025-06-25 17:23:12'),(39,NULL,NULL,NULL,'Botble\\Blog\\Models\\Post',5,'http://zelio.test','Ms. Gwendolyn Jakubowski','celine48@hotmail.com','https://friendsofbotble.com','You have a talent for explaining complex topics clearly.','approved','235.19.235.82','Mozilla/5.0 (iPhone; CPU iPhone OS 8_0_2 like Mac OS X; sl-SI) AppleWebKit/532.36.1 (KHTML, like Gecko) Version/4.0.5 Mobile/8B115 Safari/6532.36.1','2025-06-10 13:27:53','2025-06-25 17:23:12'),(40,NULL,NULL,NULL,'Botble\\Blog\\Models\\Post',6,'http://zelio.test','Leon Vandervort II','ksanford@hotmail.com','https://friendsofbotble.com','I\'m inspired to learn more about this after reading your article.','approved','177.156.87.49','Mozilla/5.0 (Macintosh; PPC Mac OS X 10_7_3 rv:3.0; nl-NL) AppleWebKit/534.7.7 (KHTML, like Gecko) Version/4.0.1 Safari/534.7.7','2025-06-24 16:39:40','2025-06-25 17:23:12'),(41,NULL,NULL,NULL,'Botble\\Blog\\Models\\Post',14,'http://zelio.test','Prof. Brianne Lowe DVM','xbernier@trantow.com','https://friendsofbotble.com','This article deserves wider recognition.','approved','22.125.118.12','Mozilla/5.0 (Windows NT 5.01) AppleWebKit/5362 (KHTML, like Gecko) Chrome/36.0.869.0 Mobile Safari/5362','2025-06-13 07:19:59','2025-06-25 17:23:12'),(42,NULL,NULL,NULL,'Botble\\Blog\\Models\\Post',14,'http://zelio.test','Mrs. Annie Kub II','hdickens@hotmail.com','https://friendsofbotble.com','I\'m grateful for the insights shared in this piece.','approved','63.203.95.175','Mozilla/5.0 (X11; Linux x86_64) AppleWebKit/536.2 (KHTML, like Gecko) Chrome/98.0.4517.57 Safari/536.2 EdgA/98.01125.23','2025-06-24 19:57:59','2025-06-25 17:23:12'),(43,NULL,NULL,NULL,'Botble\\Blog\\Models\\Post',13,'http://zelio.test','Dr. Bobbie Wiza','ashton.cole@graham.org','https://friendsofbotble.com','The author presents a balanced view on a controversial topic.','approved','19.196.74.65','Mozilla/5.0 (Windows NT 5.0) AppleWebKit/535.1 (KHTML, like Gecko) Chrome/85.0.4119.31 Safari/535.1 Edg/85.01135.68','2025-06-17 08:33:20','2025-06-25 17:23:12'),(44,NULL,NULL,NULL,'Botble\\Blog\\Models\\Post',6,'http://zelio.test','Letha Homenick','quitzon.arnulfo@hotmail.com','https://friendsofbotble.com','I\'m glad I stumbled upon this article, it\'s','approved','115.94.116.10','Mozilla/5.0 (X11; Linux i686) AppleWebKit/5322 (KHTML, like Gecko) Chrome/40.0.880.0 Mobile Safari/5322','2025-05-31 19:38:34','2025-06-25 17:23:12'),(45,NULL,NULL,NULL,'Botble\\Blog\\Models\\Post',14,'http://zelio.test','Dr. Vaughn Zboncak','rosetta54@bayer.com','https://friendsofbotble.com','I\'ve been searching for information on this topic, glad I found this article. It\'s incredibly insightful and provides a comprehensive overview of the subject matter. I appreciate the effort put into researching and writing this piece. It\'s truly eye-opening and has given me a new perspective. Thank you for sharing your knowledge with us!','approved','98.171.94.244','Mozilla/5.0 (X11; Linux x86_64; rv:5.0) Gecko/20110807 Firefox/36.0','2025-06-19 21:16:09','2025-06-25 17:23:12'),(46,NULL,NULL,NULL,'Botble\\Blog\\Models\\Post',1,'http://zelio.test','Hipolito Rohan','kennedi.hodkiewicz@mayert.biz','https://friendsofbotble.com','This article is a masterpiece! It dives deep into the topic and offers valuable insights that are both thought-provoking and enlightening. The author\'s expertise is evident throughout, making it a compelling read from start to finish. I\'ll definitely be coming back to this for reference in the future.','approved','21.54.105.1','Mozilla/5.0 (Macintosh; U; PPC Mac OS X 10_5_0 rv:6.0) Gecko/20180613 Firefox/35.0','2025-06-02 19:39:11','2025-06-25 17:23:12'),(47,NULL,NULL,NULL,'Botble\\Blog\\Models\\Post',13,'http://zelio.test','Eddie Smith','pboehm@hotmail.com','https://friendsofbotble.com','I\'m amazed by the depth of analysis in this article. It covers a wide range of aspects related to the topic, providing a comprehensive understanding. The clarity of explanation is commendable, making complex concepts easy to grasp. This article has enriched my understanding and sparked further curiosity. Kudos to the author!','approved','90.53.145.169','Mozilla/5.0 (X11; Linux i686; rv:7.0) Gecko/20110503 Firefox/36.0','2025-06-19 15:02:27','2025-06-25 17:23:12');
/*!40000 ALTER TABLE `fob_comments` ENABLE KEYS */;
UNLOCK TABLES;

--
-- Table structure for table `galleries`
--

DROP TABLE IF EXISTS `galleries`;
/*!40101 SET @saved_cs_client     = @@character_set_client */;
/*!50503 SET character_set_client = utf8mb4 */;
CREATE TABLE `galleries` (
  `id` bigint unsigned NOT NULL AUTO_INCREMENT,
  `name` varchar(120) COLLATE utf8mb4_unicode_ci NOT NULL,
  `description` longtext COLLATE utf8mb4_unicode_ci NOT NULL,
  `is_featured` tinyint unsigned NOT NULL DEFAULT '0',
  `order` tinyint unsigned NOT NULL DEFAULT '0',
  `image` varchar(191) COLLATE utf8mb4_unicode_ci DEFAULT NULL,
  `user_id` bigint unsigned DEFAULT NULL,
  `status` varchar(60) COLLATE utf8mb4_unicode_ci NOT NULL DEFAULT 'published',
  `created_at` timestamp NULL DEFAULT NULL,
  `updated_at` timestamp NULL DEFAULT NULL,
  PRIMARY KEY (`id`),
  KEY `galleries_user_id_index` (`user_id`)
) ENGINE=InnoDB AUTO_INCREMENT=9 DEFAULT CHARSET=utf8mb4 COLLATE=utf8mb4_unicode_ci;
/*!40101 SET character_set_client = @saved_cs_client */;

--
-- Dumping data for table `galleries`
--

LOCK TABLES `galleries` WRITE;
/*!40000 ALTER TABLE `galleries` DISABLE KEYS */;
INSERT INTO `galleries` VALUES (1,'Perfect','Sed unde omnis ex ab iusto. Et tenetur ullam ut. Repellendus ratione rerum provident consequuntur corrupti sint vel tempora.',0,0,'main/galleries/1.jpg',1,'published','2025-06-25 17:23:13','2025-06-25 17:23:13'),(2,'New Day','Sit aut fugiat nesciunt iusto eveniet quae consequatur et. Et quae ipsum consequatur aut.',0,0,'main/galleries/2.jpg',1,'published','2025-06-25 17:23:13','2025-06-25 17:23:13'),(3,'Happy Day','Temporibus iusto soluta rerum ut. Sit debitis doloribus eaque id error. Sunt atque cupiditate nihil cum.',0,0,'main/galleries/3.jpg',1,'published','2025-06-25 17:23:13','2025-06-25 17:23:13'),(4,'Nature','Cupiditate alias et nulla enim id tenetur ut. Iure quia a consequatur quis. Recusandae accusamus ex ut veniam.',0,0,'main/galleries/4.jpg',1,'published','2025-06-25 17:23:13','2025-06-25 17:23:13'),(5,'Morning','Eveniet nisi occaecati ad in. Nihil nemo laborum voluptatum provident. Ea culpa architecto consequatur ut.',0,0,'main/galleries/5.jpg',1,'published','2025-06-25 17:23:13','2025-06-25 17:23:13'),(6,'Sunset','Eos et non dolores quia. Et perferendis et blanditiis hic eligendi facere accusamus. Ea cupiditate et necessitatibus repellat.',0,0,'main/galleries/6.jpg',1,'published','2025-06-25 17:23:13','2025-06-25 17:23:13'),(7,'Ocean Views','Laborum eos omnis ut amet ut. Aut omnis distinctio iste ad. Placeat eos itaque suscipit minus. Dolores asperiores atque eum officia et.',0,0,'main/galleries/7.jpg',1,'published','2025-06-25 17:23:13','2025-06-25 17:23:13'),(8,'Adventure Time','Adipisci autem sed eligendi quod aperiam. Similique nostrum eveniet voluptas repudiandae sunt voluptates.',0,0,'main/galleries/8.jpg',1,'published','2025-06-25 17:23:13','2025-06-25 17:23:13');
/*!40000 ALTER TABLE `galleries` ENABLE KEYS */;
UNLOCK TABLES;

--
-- Table structure for table `galleries_translations`
--

DROP TABLE IF EXISTS `galleries_translations`;
/*!40101 SET @saved_cs_client     = @@character_set_client */;
/*!50503 SET character_set_client = utf8mb4 */;
CREATE TABLE `galleries_translations` (
  `lang_code` varchar(20) COLLATE utf8mb4_unicode_ci NOT NULL,
  `galleries_id` bigint unsigned NOT NULL,
  `name` varchar(191) COLLATE utf8mb4_unicode_ci DEFAULT NULL,
  `description` longtext COLLATE utf8mb4_unicode_ci,
  PRIMARY KEY (`lang_code`,`galleries_id`)
) ENGINE=InnoDB DEFAULT CHARSET=utf8mb4 COLLATE=utf8mb4_unicode_ci;
/*!40101 SET character_set_client = @saved_cs_client */;

--
-- Dumping data for table `galleries_translations`
--

LOCK TABLES `galleries_translations` WRITE;
/*!40000 ALTER TABLE `galleries_translations` DISABLE KEYS */;
/*!40000 ALTER TABLE `galleries_translations` ENABLE KEYS */;
UNLOCK TABLES;

--
-- Table structure for table `gallery_meta`
--

DROP TABLE IF EXISTS `gallery_meta`;
/*!40101 SET @saved_cs_client     = @@character_set_client */;
/*!50503 SET character_set_client = utf8mb4 */;
CREATE TABLE `gallery_meta` (
  `id` bigint unsigned NOT NULL AUTO_INCREMENT,
  `images` text COLLATE utf8mb4_unicode_ci,
  `reference_id` bigint unsigned NOT NULL,
  `reference_type` varchar(120) COLLATE utf8mb4_unicode_ci NOT NULL,
  `created_at` timestamp NULL DEFAULT NULL,
  `updated_at` timestamp NULL DEFAULT NULL,
  PRIMARY KEY (`id`),
  KEY `gallery_meta_reference_id_index` (`reference_id`)
) ENGINE=InnoDB AUTO_INCREMENT=9 DEFAULT CHARSET=utf8mb4 COLLATE=utf8mb4_unicode_ci;
/*!40101 SET character_set_client = @saved_cs_client */;

--
-- Dumping data for table `gallery_meta`
--

LOCK TABLES `gallery_meta` WRITE;
/*!40000 ALTER TABLE `gallery_meta` DISABLE KEYS */;
INSERT INTO `gallery_meta` VALUES (1,'[{\"img\":\"main\\/galleries\\/1.jpg\",\"description\":\"\"},{\"img\":\"main\\/galleries\\/2.jpg\",\"description\":\"\"},{\"img\":\"main\\/galleries\\/3.jpg\",\"description\":\"\"},{\"img\":\"main\\/galleries\\/4.jpg\",\"description\":\"\"},{\"img\":\"main\\/galleries\\/5.jpg\",\"description\":\"\"},{\"img\":\"main\\/galleries\\/6.jpg\",\"description\":\"\"},{\"img\":\"main\\/galleries\\/7.jpg\",\"description\":\"\"},{\"img\":\"main\\/galleries\\/8.jpg\",\"description\":\"\"}]',1,'Botble\\Gallery\\Models\\Gallery','2025-06-25 17:23:13','2025-06-25 17:23:13'),(2,'[{\"img\":\"main\\/galleries\\/1.jpg\",\"description\":\"\"},{\"img\":\"main\\/galleries\\/2.jpg\",\"description\":\"\"},{\"img\":\"main\\/galleries\\/3.jpg\",\"description\":\"\"},{\"img\":\"main\\/galleries\\/4.jpg\",\"description\":\"\"},{\"img\":\"main\\/galleries\\/5.jpg\",\"description\":\"\"},{\"img\":\"main\\/galleries\\/6.jpg\",\"description\":\"\"},{\"img\":\"main\\/galleries\\/7.jpg\",\"description\":\"\"},{\"img\":\"main\\/galleries\\/8.jpg\",\"description\":\"\"}]',2,'Botble\\Gallery\\Models\\Gallery','2025-06-25 17:23:13','2025-06-25 17:23:13'),(3,'[{\"img\":\"main\\/galleries\\/1.jpg\",\"description\":\"\"},{\"img\":\"main\\/galleries\\/2.jpg\",\"description\":\"\"},{\"img\":\"main\\/galleries\\/3.jpg\",\"description\":\"\"},{\"img\":\"main\\/galleries\\/4.jpg\",\"description\":\"\"},{\"img\":\"main\\/galleries\\/5.jpg\",\"description\":\"\"},{\"img\":\"main\\/galleries\\/6.jpg\",\"description\":\"\"},{\"img\":\"main\\/galleries\\/7.jpg\",\"description\":\"\"},{\"img\":\"main\\/galleries\\/8.jpg\",\"description\":\"\"}]',3,'Botble\\Gallery\\Models\\Gallery','2025-06-25 17:23:13','2025-06-25 17:23:13'),(4,'[{\"img\":\"main\\/galleries\\/1.jpg\",\"description\":\"\"},{\"img\":\"main\\/galleries\\/2.jpg\",\"description\":\"\"},{\"img\":\"main\\/galleries\\/3.jpg\",\"description\":\"\"},{\"img\":\"main\\/galleries\\/4.jpg\",\"description\":\"\"},{\"img\":\"main\\/galleries\\/5.jpg\",\"description\":\"\"},{\"img\":\"main\\/galleries\\/6.jpg\",\"description\":\"\"},{\"img\":\"main\\/galleries\\/7.jpg\",\"description\":\"\"},{\"img\":\"main\\/galleries\\/8.jpg\",\"description\":\"\"}]',4,'Botble\\Gallery\\Models\\Gallery','2025-06-25 17:23:13','2025-06-25 17:23:13'),(5,'[{\"img\":\"main\\/galleries\\/1.jpg\",\"description\":\"\"},{\"img\":\"main\\/galleries\\/2.jpg\",\"description\":\"\"},{\"img\":\"main\\/galleries\\/3.jpg\",\"description\":\"\"},{\"img\":\"main\\/galleries\\/4.jpg\",\"description\":\"\"},{\"img\":\"main\\/galleries\\/5.jpg\",\"description\":\"\"},{\"img\":\"main\\/galleries\\/6.jpg\",\"description\":\"\"},{\"img\":\"main\\/galleries\\/7.jpg\",\"description\":\"\"},{\"img\":\"main\\/galleries\\/8.jpg\",\"description\":\"\"}]',5,'Botble\\Gallery\\Models\\Gallery','2025-06-25 17:23:13','2025-06-25 17:23:13'),(6,'[{\"img\":\"main\\/galleries\\/1.jpg\",\"description\":\"\"},{\"img\":\"main\\/galleries\\/2.jpg\",\"description\":\"\"},{\"img\":\"main\\/galleries\\/3.jpg\",\"description\":\"\"},{\"img\":\"main\\/galleries\\/4.jpg\",\"description\":\"\"},{\"img\":\"main\\/galleries\\/5.jpg\",\"description\":\"\"},{\"img\":\"main\\/galleries\\/6.jpg\",\"description\":\"\"},{\"img\":\"main\\/galleries\\/7.jpg\",\"description\":\"\"},{\"img\":\"main\\/galleries\\/8.jpg\",\"description\":\"\"}]',6,'Botble\\Gallery\\Models\\Gallery','2025-06-25 17:23:13','2025-06-25 17:23:13'),(7,'[{\"img\":\"main\\/galleries\\/1.jpg\",\"description\":\"\"},{\"img\":\"main\\/galleries\\/2.jpg\",\"description\":\"\"},{\"img\":\"main\\/galleries\\/3.jpg\",\"description\":\"\"},{\"img\":\"main\\/galleries\\/4.jpg\",\"description\":\"\"},{\"img\":\"main\\/galleries\\/5.jpg\",\"description\":\"\"},{\"img\":\"main\\/galleries\\/6.jpg\",\"description\":\"\"},{\"img\":\"main\\/galleries\\/7.jpg\",\"description\":\"\"},{\"img\":\"main\\/galleries\\/8.jpg\",\"description\":\"\"}]',7,'Botble\\Gallery\\Models\\Gallery','2025-06-25 17:23:13','2025-06-25 17:23:13'),(8,'[{\"img\":\"main\\/galleries\\/1.jpg\",\"description\":\"\"},{\"img\":\"main\\/galleries\\/2.jpg\",\"description\":\"\"},{\"img\":\"main\\/galleries\\/3.jpg\",\"description\":\"\"},{\"img\":\"main\\/galleries\\/4.jpg\",\"description\":\"\"},{\"img\":\"main\\/galleries\\/5.jpg\",\"description\":\"\"},{\"img\":\"main\\/galleries\\/6.jpg\",\"description\":\"\"},{\"img\":\"main\\/galleries\\/7.jpg\",\"description\":\"\"},{\"img\":\"main\\/galleries\\/8.jpg\",\"description\":\"\"}]',8,'Botble\\Gallery\\Models\\Gallery','2025-06-25 17:23:13','2025-06-25 17:23:13');
/*!40000 ALTER TABLE `gallery_meta` ENABLE KEYS */;
UNLOCK TABLES;

--
-- Table structure for table `gallery_meta_translations`
--

DROP TABLE IF EXISTS `gallery_meta_translations`;
/*!40101 SET @saved_cs_client     = @@character_set_client */;
/*!50503 SET character_set_client = utf8mb4 */;
CREATE TABLE `gallery_meta_translations` (
  `lang_code` varchar(20) COLLATE utf8mb4_unicode_ci NOT NULL,
  `gallery_meta_id` bigint unsigned NOT NULL,
  `images` text COLLATE utf8mb4_unicode_ci,
  PRIMARY KEY (`lang_code`,`gallery_meta_id`)
) ENGINE=InnoDB DEFAULT CHARSET=utf8mb4 COLLATE=utf8mb4_unicode_ci;
/*!40101 SET character_set_client = @saved_cs_client */;

--
-- Dumping data for table `gallery_meta_translations`
--

LOCK TABLES `gallery_meta_translations` WRITE;
/*!40000 ALTER TABLE `gallery_meta_translations` DISABLE KEYS */;
/*!40000 ALTER TABLE `gallery_meta_translations` ENABLE KEYS */;
UNLOCK TABLES;

--
-- Table structure for table `jobs`
--

DROP TABLE IF EXISTS `jobs`;
/*!40101 SET @saved_cs_client     = @@character_set_client */;
/*!50503 SET character_set_client = utf8mb4 */;
CREATE TABLE `jobs` (
  `id` bigint unsigned NOT NULL AUTO_INCREMENT,
  `queue` varchar(191) COLLATE utf8mb4_unicode_ci NOT NULL,
  `payload` longtext COLLATE utf8mb4_unicode_ci NOT NULL,
  `attempts` tinyint unsigned NOT NULL,
  `reserved_at` int unsigned DEFAULT NULL,
  `available_at` int unsigned NOT NULL,
  `created_at` int unsigned NOT NULL,
  PRIMARY KEY (`id`),
  KEY `jobs_queue_index` (`queue`)
) ENGINE=InnoDB DEFAULT CHARSET=utf8mb4 COLLATE=utf8mb4_unicode_ci;
/*!40101 SET character_set_client = @saved_cs_client */;

--
-- Dumping data for table `jobs`
--

LOCK TABLES `jobs` WRITE;
/*!40000 ALTER TABLE `jobs` DISABLE KEYS */;
/*!40000 ALTER TABLE `jobs` ENABLE KEYS */;
UNLOCK TABLES;

--
-- Table structure for table `language_meta`
--

DROP TABLE IF EXISTS `language_meta`;
/*!40101 SET @saved_cs_client     = @@character_set_client */;
/*!50503 SET character_set_client = utf8mb4 */;
CREATE TABLE `language_meta` (
  `lang_meta_id` bigint unsigned NOT NULL AUTO_INCREMENT,
  `lang_meta_code` varchar(20) COLLATE utf8mb4_unicode_ci DEFAULT NULL,
  `lang_meta_origin` varchar(32) COLLATE utf8mb4_unicode_ci NOT NULL,
  `reference_id` bigint unsigned NOT NULL,
  `reference_type` varchar(120) COLLATE utf8mb4_unicode_ci NOT NULL,
  PRIMARY KEY (`lang_meta_id`),
  KEY `language_meta_reference_id_index` (`reference_id`),
  KEY `meta_code_index` (`lang_meta_code`),
  KEY `meta_origin_index` (`lang_meta_origin`),
  KEY `meta_reference_type_index` (`reference_type`)
) ENGINE=InnoDB AUTO_INCREMENT=3 DEFAULT CHARSET=utf8mb4 COLLATE=utf8mb4_unicode_ci;
/*!40101 SET character_set_client = @saved_cs_client */;

--
-- Dumping data for table `language_meta`
--

LOCK TABLES `language_meta` WRITE;
/*!40000 ALTER TABLE `language_meta` DISABLE KEYS */;
INSERT INTO `language_meta` VALUES (1,'en_US','70399bb8948aa87958b97fa22e65fe5c',1,'Botble\\Menu\\Models\\MenuLocation'),(2,'en_US','211476b0182eefd7da078656e9bb4931',1,'Botble\\Menu\\Models\\Menu');
/*!40000 ALTER TABLE `language_meta` ENABLE KEYS */;
UNLOCK TABLES;

--
-- Table structure for table `languages`
--

DROP TABLE IF EXISTS `languages`;
/*!40101 SET @saved_cs_client     = @@character_set_client */;
/*!50503 SET character_set_client = utf8mb4 */;
CREATE TABLE `languages` (
  `lang_id` bigint unsigned NOT NULL AUTO_INCREMENT,
  `lang_name` varchar(120) COLLATE utf8mb4_unicode_ci NOT NULL,
  `lang_locale` varchar(20) COLLATE utf8mb4_unicode_ci NOT NULL,
  `lang_code` varchar(20) COLLATE utf8mb4_unicode_ci NOT NULL,
  `lang_flag` varchar(20) COLLATE utf8mb4_unicode_ci DEFAULT NULL,
  `lang_is_default` tinyint unsigned NOT NULL DEFAULT '0',
  `lang_order` int NOT NULL DEFAULT '0',
  `lang_is_rtl` tinyint unsigned NOT NULL DEFAULT '0',
  PRIMARY KEY (`lang_id`),
  KEY `lang_locale_index` (`lang_locale`),
  KEY `lang_code_index` (`lang_code`),
  KEY `lang_is_default_index` (`lang_is_default`)
) ENGINE=InnoDB AUTO_INCREMENT=2 DEFAULT CHARSET=utf8mb4 COLLATE=utf8mb4_unicode_ci;
/*!40101 SET character_set_client = @saved_cs_client */;

--
-- Dumping data for table `languages`
--

LOCK TABLES `languages` WRITE;
/*!40000 ALTER TABLE `languages` DISABLE KEYS */;
INSERT INTO `languages` VALUES (1,'English','en','en_US','us',1,0,0);
/*!40000 ALTER TABLE `languages` ENABLE KEYS */;
UNLOCK TABLES;

--
-- Table structure for table `media_files`
--

DROP TABLE IF EXISTS `media_files`;
/*!40101 SET @saved_cs_client     = @@character_set_client */;
/*!50503 SET character_set_client = utf8mb4 */;
CREATE TABLE `media_files` (
  `id` bigint unsigned NOT NULL AUTO_INCREMENT,
  `user_id` bigint unsigned NOT NULL,
  `name` varchar(191) COLLATE utf8mb4_unicode_ci NOT NULL,
  `alt` varchar(191) COLLATE utf8mb4_unicode_ci DEFAULT NULL,
  `folder_id` bigint unsigned NOT NULL DEFAULT '0',
  `mime_type` varchar(120) COLLATE utf8mb4_unicode_ci NOT NULL,
  `size` int NOT NULL,
  `url` varchar(191) COLLATE utf8mb4_unicode_ci NOT NULL,
  `options` text COLLATE utf8mb4_unicode_ci,
  `created_at` timestamp NULL DEFAULT NULL,
  `updated_at` timestamp NULL DEFAULT NULL,
  `deleted_at` timestamp NULL DEFAULT NULL,
  `visibility` varchar(191) COLLATE utf8mb4_unicode_ci NOT NULL DEFAULT 'public',
  PRIMARY KEY (`id`),
  KEY `media_files_user_id_index` (`user_id`),
  KEY `media_files_index` (`folder_id`,`user_id`,`created_at`)
) ENGINE=InnoDB AUTO_INCREMENT=62 DEFAULT CHARSET=utf8mb4 COLLATE=utf8mb4_unicode_ci;
/*!40101 SET character_set_client = @saved_cs_client */;

--
-- Dumping data for table `media_files`
--

LOCK TABLES `media_files` WRITE;
/*!40000 ALTER TABLE `media_files` DISABLE KEYS */;
INSERT INTO `media_files` VALUES (1,0,'1','1',2,'image/png',9448,'main/posts/1.png','[]','2025-06-25 17:23:06','2025-06-25 17:23:06',NULL,'public'),(2,0,'10','10',2,'image/png',9448,'main/posts/10.png','[]','2025-06-25 17:23:06','2025-06-25 17:23:06',NULL,'public'),(3,0,'11','11',2,'image/png',9448,'main/posts/11.png','[]','2025-06-25 17:23:07','2025-06-25 17:23:07',NULL,'public'),(4,0,'12','12',2,'image/png',9448,'main/posts/12.png','[]','2025-06-25 17:23:07','2025-06-25 17:23:07',NULL,'public'),(5,0,'2','2',2,'image/png',9448,'main/posts/2.png','[]','2025-06-25 17:23:07','2025-06-25 17:23:07',NULL,'public'),(6,0,'3','3',2,'image/png',9448,'main/posts/3.png','[]','2025-06-25 17:23:07','2025-06-25 17:23:07',NULL,'public'),(7,0,'4','4',2,'image/png',9448,'main/posts/4.png','[]','2025-06-25 17:23:07','2025-06-25 17:23:07',NULL,'public'),(8,0,'5','5',2,'image/png',9448,'main/posts/5.png','[]','2025-06-25 17:23:07','2025-06-25 17:23:07',NULL,'public'),(9,0,'6','6',2,'image/png',9448,'main/posts/6.png','[]','2025-06-25 17:23:07','2025-06-25 17:23:07',NULL,'public'),(10,0,'7','7',2,'image/png',9448,'main/posts/7.png','[]','2025-06-25 17:23:07','2025-06-25 17:23:07',NULL,'public'),(11,0,'8','8',2,'image/png',9448,'main/posts/8.png','[]','2025-06-25 17:23:07','2025-06-25 17:23:07',NULL,'public'),(12,0,'9','9',2,'image/png',9448,'main/posts/9.png','[]','2025-06-25 17:23:07','2025-06-25 17:23:07',NULL,'public'),(13,0,'background','background',2,'image/png',9448,'main/posts/background.png','[]','2025-06-25 17:23:07','2025-06-25 17:23:07',NULL,'public'),(14,0,'1','1',3,'image/png',2100,'main/avatars/1.png','[]','2025-06-25 17:23:08','2025-06-25 17:23:08',NULL,'public'),(15,0,'2','2',3,'image/png',2100,'main/avatars/2.png','[]','2025-06-25 17:23:08','2025-06-25 17:23:08',NULL,'public'),(16,0,'man','man',3,'image/png',2100,'main/avatars/man.png','[]','2025-06-25 17:23:08','2025-06-25 17:23:08',NULL,'public'),(21,0,'1','1',5,'image/png',9448,'main/services/1.png','[]','2025-06-25 17:23:08','2025-06-25 17:23:08',NULL,'public'),(22,0,'2','2',5,'image/png',9448,'main/services/2.png','[]','2025-06-25 17:23:08','2025-06-25 17:23:08',NULL,'public'),(23,0,'3','3',5,'image/png',9448,'main/services/3.png','[]','2025-06-25 17:23:08','2025-06-25 17:23:08',NULL,'public'),(24,0,'4','4',5,'image/png',9448,'main/services/4.png','[]','2025-06-25 17:23:08','2025-06-25 17:23:08',NULL,'public'),(25,0,'1','1',4,'image/png',9448,'main/projects/1.png','[]','2025-06-25 17:23:09','2025-06-25 17:23:09',NULL,'public'),(26,0,'2','2',4,'image/png',9448,'main/projects/2.png','[]','2025-06-25 17:23:09','2025-06-25 17:23:09',NULL,'public'),(27,0,'3','3',4,'image/png',9448,'main/projects/3.png','[]','2025-06-25 17:23:09','2025-06-25 17:23:09',NULL,'public'),(28,0,'4','4',4,'image/png',9448,'main/projects/4.png','[]','2025-06-25 17:23:09','2025-06-25 17:23:09',NULL,'public'),(29,0,'favicon','favicon',6,'image/png',2457,'main/general/favicon.png','[]','2025-06-25 17:23:09','2025-06-25 17:23:09',NULL,'public'),(30,0,'footer-bg','footer-bg',6,'image/png',6888,'main/general/footer-bg.png','[]','2025-06-25 17:23:09','2025-06-25 17:23:09',NULL,'public'),(31,0,'grid-bg','grid-bg',6,'image/png',284426,'main/general/grid-bg.png','[]','2025-06-25 17:23:09','2025-06-25 17:23:09',NULL,'public'),(32,0,'hero-bg','hero-bg',6,'image/png',17011,'main/general/hero-bg.png','[]','2025-06-25 17:23:09','2025-06-25 17:23:09',NULL,'public'),(33,0,'hero-decorate','hero-decorate',6,'image/png',161280,'main/general/hero-decorate.png','[]','2025-06-25 17:23:10','2025-06-25 17:23:10',NULL,'public'),(34,0,'hero-man','hero-man',6,'image/png',18294,'main/general/hero-man.png','[]','2025-06-25 17:23:10','2025-06-25 17:23:10',NULL,'public'),(35,0,'logo-dark','logo-dark',6,'image/png',4327,'main/general/logo-dark.png','[]','2025-06-25 17:23:10','2025-06-25 17:23:10',NULL,'public'),(36,0,'1','1',7,'image/png',1570,'main/brands/1.png','[]','2025-06-25 17:23:10','2025-06-25 17:23:10',NULL,'public'),(37,0,'10','10',7,'image/png',1570,'main/brands/10.png','[]','2025-06-25 17:23:10','2025-06-25 17:23:10',NULL,'public'),(38,0,'2','2',7,'image/png',1570,'main/brands/2.png','[]','2025-06-25 17:23:10','2025-06-25 17:23:10',NULL,'public'),(39,0,'3','3',7,'image/png',1570,'main/brands/3.png','[]','2025-06-25 17:23:10','2025-06-25 17:23:10',NULL,'public'),(40,0,'4','4',7,'image/png',1570,'main/brands/4.png','[]','2025-06-25 17:23:10','2025-06-25 17:23:10',NULL,'public'),(41,0,'5','5',7,'image/png',1570,'main/brands/5.png','[]','2025-06-25 17:23:10','2025-06-25 17:23:10',NULL,'public'),(42,0,'6','6',7,'image/png',1570,'main/brands/6.png','[]','2025-06-25 17:23:10','2025-06-25 17:23:10',NULL,'public'),(43,0,'7','7',7,'image/png',1570,'main/brands/7.png','[]','2025-06-25 17:23:11','2025-06-25 17:23:11',NULL,'public'),(44,0,'8','8',7,'image/png',1570,'main/brands/8.png','[]','2025-06-25 17:23:11','2025-06-25 17:23:11',NULL,'public'),(45,0,'9','9',7,'image/png',1570,'main/brands/9.png','[]','2025-06-25 17:23:11','2025-06-25 17:23:11',NULL,'public'),(46,0,'1','1',8,'image/png',1866,'main/skills/1.png','[]','2025-06-25 17:23:11','2025-06-25 17:23:11',NULL,'public'),(47,0,'2','2',8,'image/png',1866,'main/skills/2.png','[]','2025-06-25 17:23:11','2025-06-25 17:23:11',NULL,'public'),(48,0,'3','3',8,'image/png',1866,'main/skills/3.png','[]','2025-06-25 17:23:11','2025-06-25 17:23:11',NULL,'public'),(49,0,'4','4',8,'image/png',1866,'main/skills/4.png','[]','2025-06-25 17:23:11','2025-06-25 17:23:11',NULL,'public'),(50,0,'5','5',8,'image/png',1866,'main/skills/5.png','[]','2025-06-25 17:23:11','2025-06-25 17:23:11',NULL,'public'),(51,0,'6','6',8,'image/png',1866,'main/skills/6.png','[]','2025-06-25 17:23:11','2025-06-25 17:23:11',NULL,'public'),(52,0,'7','7',8,'image/png',1866,'main/skills/7.png','[]','2025-06-25 17:23:11','2025-06-25 17:23:11',NULL,'public'),(53,0,'cv','cv',9,'application/pdf',43496,'main/resume/cv.pdf','[]','2025-06-25 17:23:11','2025-06-25 17:23:11',NULL,'public'),(54,0,'1','1',10,'image/jpeg',61527,'main/galleries/1.jpg','[]','2025-06-25 17:23:12','2025-06-25 17:23:12',NULL,'public'),(55,0,'2','2',10,'image/jpeg',70517,'main/galleries/2.jpg','[]','2025-06-25 17:23:12','2025-06-25 17:23:12',NULL,'public'),(56,0,'3','3',10,'image/jpeg',120412,'main/galleries/3.jpg','[]','2025-06-25 17:23:12','2025-06-25 17:23:12',NULL,'public'),(57,0,'4','4',10,'image/jpeg',230496,'main/galleries/4.jpg','[]','2025-06-25 17:23:12','2025-06-25 17:23:12',NULL,'public'),(58,0,'5','5',10,'image/jpeg',194413,'main/galleries/5.jpg','[]','2025-06-25 17:23:12','2025-06-25 17:23:12',NULL,'public'),(59,0,'6','6',10,'image/jpeg',82763,'main/galleries/6.jpg','[]','2025-06-25 17:23:12','2025-06-25 17:23:12',NULL,'public'),(60,0,'7','7',10,'image/jpeg',62110,'main/galleries/7.jpg','[]','2025-06-25 17:23:12','2025-06-25 17:23:12',NULL,'public'),(61,0,'8','8',10,'image/jpeg',156619,'main/galleries/8.jpg','[]','2025-06-25 17:23:13','2025-06-25 17:23:13',NULL,'public');
/*!40000 ALTER TABLE `media_files` ENABLE KEYS */;
UNLOCK TABLES;

--
-- Table structure for table `media_folders`
--

DROP TABLE IF EXISTS `media_folders`;
/*!40101 SET @saved_cs_client     = @@character_set_client */;
/*!50503 SET character_set_client = utf8mb4 */;
CREATE TABLE `media_folders` (
  `id` bigint unsigned NOT NULL AUTO_INCREMENT,
  `user_id` bigint unsigned NOT NULL,
  `name` varchar(191) COLLATE utf8mb4_unicode_ci DEFAULT NULL,
  `color` varchar(191) COLLATE utf8mb4_unicode_ci DEFAULT NULL,
  `slug` varchar(191) COLLATE utf8mb4_unicode_ci DEFAULT NULL,
  `parent_id` bigint unsigned NOT NULL DEFAULT '0',
  `created_at` timestamp NULL DEFAULT NULL,
  `updated_at` timestamp NULL DEFAULT NULL,
  `deleted_at` timestamp NULL DEFAULT NULL,
  PRIMARY KEY (`id`),
  KEY `media_folders_user_id_index` (`user_id`),
  KEY `media_folders_index` (`parent_id`,`user_id`,`created_at`)
) ENGINE=InnoDB AUTO_INCREMENT=11 DEFAULT CHARSET=utf8mb4 COLLATE=utf8mb4_unicode_ci;
/*!40101 SET character_set_client = @saved_cs_client */;

--
-- Dumping data for table `media_folders`
--

LOCK TABLES `media_folders` WRITE;
/*!40000 ALTER TABLE `media_folders` DISABLE KEYS */;
INSERT INTO `media_folders` VALUES (1,0,'main',NULL,'main',0,'2025-06-25 17:23:06','2025-06-25 17:23:06',NULL),(2,0,'posts',NULL,'posts',1,'2025-06-25 17:23:06','2025-06-25 17:23:06',NULL),(3,0,'avatars',NULL,'avatars',1,'2025-06-25 17:23:08','2025-06-25 17:23:08',NULL),(4,0,'projects',NULL,'projects',1,'2025-06-25 17:23:08','2025-06-25 17:23:08',NULL),(5,0,'services',NULL,'services',1,'2025-06-25 17:23:08','2025-06-25 17:23:08',NULL),(6,0,'general',NULL,'general',1,'2025-06-25 17:23:09','2025-06-25 17:23:09',NULL),(7,0,'brands',NULL,'brands',1,'2025-06-25 17:23:10','2025-06-25 17:23:10',NULL),(8,0,'skills',NULL,'skills',1,'2025-06-25 17:23:11','2025-06-25 17:23:11',NULL),(9,0,'resume',NULL,'resume',1,'2025-06-25 17:23:11','2025-06-25 17:23:11',NULL),(10,0,'galleries',NULL,'galleries',1,'2025-06-25 17:23:12','2025-06-25 17:23:12',NULL);
/*!40000 ALTER TABLE `media_folders` ENABLE KEYS */;
UNLOCK TABLES;

--
-- Table structure for table `media_settings`
--

DROP TABLE IF EXISTS `media_settings`;
/*!40101 SET @saved_cs_client     = @@character_set_client */;
/*!50503 SET character_set_client = utf8mb4 */;
CREATE TABLE `media_settings` (
  `id` bigint unsigned NOT NULL AUTO_INCREMENT,
  `key` varchar(120) COLLATE utf8mb4_unicode_ci NOT NULL,
  `value` text COLLATE utf8mb4_unicode_ci,
  `media_id` bigint unsigned DEFAULT NULL,
  `user_id` bigint unsigned DEFAULT NULL,
  `created_at` timestamp NULL DEFAULT NULL,
  `updated_at` timestamp NULL DEFAULT NULL,
  PRIMARY KEY (`id`)
) ENGINE=InnoDB DEFAULT CHARSET=utf8mb4 COLLATE=utf8mb4_unicode_ci;
/*!40101 SET character_set_client = @saved_cs_client */;

--
-- Dumping data for table `media_settings`
--

LOCK TABLES `media_settings` WRITE;
/*!40000 ALTER TABLE `media_settings` DISABLE KEYS */;
/*!40000 ALTER TABLE `media_settings` ENABLE KEYS */;
UNLOCK TABLES;

--
-- Table structure for table `menu_locations`
--

DROP TABLE IF EXISTS `menu_locations`;
/*!40101 SET @saved_cs_client     = @@character_set_client */;
/*!50503 SET character_set_client = utf8mb4 */;
CREATE TABLE `menu_locations` (
  `id` bigint unsigned NOT NULL AUTO_INCREMENT,
  `menu_id` bigint unsigned NOT NULL,
  `location` varchar(191) COLLATE utf8mb4_unicode_ci NOT NULL,
  `created_at` timestamp NULL DEFAULT NULL,
  `updated_at` timestamp NULL DEFAULT NULL,
  PRIMARY KEY (`id`),
  KEY `menu_locations_menu_id_created_at_index` (`menu_id`,`created_at`)
) ENGINE=InnoDB AUTO_INCREMENT=2 DEFAULT CHARSET=utf8mb4 COLLATE=utf8mb4_unicode_ci;
/*!40101 SET character_set_client = @saved_cs_client */;

--
-- Dumping data for table `menu_locations`
--

LOCK TABLES `menu_locations` WRITE;
/*!40000 ALTER TABLE `menu_locations` DISABLE KEYS */;
INSERT INTO `menu_locations` VALUES (1,1,'main-menu','2025-06-25 17:23:11','2025-06-25 17:23:11');
/*!40000 ALTER TABLE `menu_locations` ENABLE KEYS */;
UNLOCK TABLES;

--
-- Table structure for table `menu_nodes`
--

DROP TABLE IF EXISTS `menu_nodes`;
/*!40101 SET @saved_cs_client     = @@character_set_client */;
/*!50503 SET character_set_client = utf8mb4 */;
CREATE TABLE `menu_nodes` (
  `id` bigint unsigned NOT NULL AUTO_INCREMENT,
  `menu_id` bigint unsigned NOT NULL,
  `parent_id` bigint unsigned NOT NULL DEFAULT '0',
  `reference_id` bigint unsigned DEFAULT NULL,
  `reference_type` varchar(191) COLLATE utf8mb4_unicode_ci DEFAULT NULL,
  `url` varchar(191) COLLATE utf8mb4_unicode_ci DEFAULT NULL,
  `icon_font` varchar(191) COLLATE utf8mb4_unicode_ci DEFAULT NULL,
  `position` tinyint unsigned NOT NULL DEFAULT '0',
  `title` varchar(191) COLLATE utf8mb4_unicode_ci DEFAULT NULL,
  `css_class` varchar(191) COLLATE utf8mb4_unicode_ci DEFAULT NULL,
  `target` varchar(20) COLLATE utf8mb4_unicode_ci NOT NULL DEFAULT '_self',
  `has_child` tinyint unsigned NOT NULL DEFAULT '0',
  `created_at` timestamp NULL DEFAULT NULL,
  `updated_at` timestamp NULL DEFAULT NULL,
  PRIMARY KEY (`id`),
  KEY `menu_nodes_menu_id_index` (`menu_id`),
  KEY `menu_nodes_parent_id_index` (`parent_id`),
  KEY `reference_id` (`reference_id`),
  KEY `reference_type` (`reference_type`)
) ENGINE=InnoDB AUTO_INCREMENT=10 DEFAULT CHARSET=utf8mb4 COLLATE=utf8mb4_unicode_ci;
/*!40101 SET character_set_client = @saved_cs_client */;

--
-- Dumping data for table `menu_nodes`
--

LOCK TABLES `menu_nodes` WRITE;
/*!40000 ALTER TABLE `menu_nodes` DISABLE KEYS */;
INSERT INTO `menu_nodes` VALUES (1,1,0,1,'Botble\\Page\\Models\\Page','/home',NULL,0,'Home',NULL,'_self',1,'2025-06-25 17:23:11','2025-06-25 17:23:11'),(2,1,1,NULL,NULL,'https://zelio.botble.com',NULL,0,'Home 1 - Designer',NULL,'_blank',0,'2025-06-25 17:23:11','2025-06-25 17:23:11'),(3,1,1,NULL,NULL,'https://zelio-developer.botble.com',NULL,1,'Home 2 - Developer',NULL,'_blank',0,'2025-06-25 17:23:11','2025-06-25 17:23:11'),(4,1,1,NULL,NULL,'https://zelio-writer.botble.com',NULL,2,'Home 3 - Writer',NULL,'_blank',0,'2025-06-25 17:23:11','2025-06-25 17:23:11'),(5,1,0,2,'Botble\\Page\\Models\\Page','/services',NULL,1,'Services',NULL,'_self',0,'2025-06-25 17:23:11','2025-06-25 17:23:11'),(6,1,0,3,'Botble\\Page\\Models\\Page','/projects',NULL,2,'Portfolio',NULL,'_self',0,'2025-06-25 17:23:11','2025-06-25 17:23:11'),(7,1,0,4,'Botble\\Page\\Models\\Page','/pricing',NULL,3,'Pricing',NULL,'_self',0,'2025-06-25 17:23:11','2025-06-25 17:23:11'),(8,1,0,5,'Botble\\Page\\Models\\Page','/blog',NULL,4,'Blog',NULL,'_self',0,'2025-06-25 17:23:11','2025-06-25 17:23:11'),(9,1,0,6,'Botble\\Page\\Models\\Page','/contact',NULL,5,'Contact',NULL,'_self',0,'2025-06-25 17:23:11','2025-06-25 17:23:11');
/*!40000 ALTER TABLE `menu_nodes` ENABLE KEYS */;
UNLOCK TABLES;

--
-- Table structure for table `menus`
--

DROP TABLE IF EXISTS `menus`;
/*!40101 SET @saved_cs_client     = @@character_set_client */;
/*!50503 SET character_set_client = utf8mb4 */;
CREATE TABLE `menus` (
  `id` bigint unsigned NOT NULL AUTO_INCREMENT,
  `name` varchar(120) COLLATE utf8mb4_unicode_ci NOT NULL,
  `slug` varchar(120) COLLATE utf8mb4_unicode_ci DEFAULT NULL,
  `status` varchar(60) COLLATE utf8mb4_unicode_ci NOT NULL DEFAULT 'published',
  `created_at` timestamp NULL DEFAULT NULL,
  `updated_at` timestamp NULL DEFAULT NULL,
  PRIMARY KEY (`id`),
  UNIQUE KEY `menus_slug_unique` (`slug`)
) ENGINE=InnoDB AUTO_INCREMENT=2 DEFAULT CHARSET=utf8mb4 COLLATE=utf8mb4_unicode_ci;
/*!40101 SET character_set_client = @saved_cs_client */;

--
-- Dumping data for table `menus`
--

LOCK TABLES `menus` WRITE;
/*!40000 ALTER TABLE `menus` DISABLE KEYS */;
INSERT INTO `menus` VALUES (1,'Main Menu','main-menu','published','2025-06-25 17:23:11','2025-06-25 17:23:11');
/*!40000 ALTER TABLE `menus` ENABLE KEYS */;
UNLOCK TABLES;

--
-- Table structure for table `meta_boxes`
--

DROP TABLE IF EXISTS `meta_boxes`;
/*!40101 SET @saved_cs_client     = @@character_set_client */;
/*!50503 SET character_set_client = utf8mb4 */;
CREATE TABLE `meta_boxes` (
  `id` bigint unsigned NOT NULL AUTO_INCREMENT,
  `meta_key` varchar(191) COLLATE utf8mb4_unicode_ci NOT NULL,
  `meta_value` text COLLATE utf8mb4_unicode_ci,
  `reference_id` bigint unsigned NOT NULL,
  `reference_type` varchar(120) COLLATE utf8mb4_unicode_ci NOT NULL,
  `created_at` timestamp NULL DEFAULT NULL,
  `updated_at` timestamp NULL DEFAULT NULL,
  PRIMARY KEY (`id`),
  KEY `meta_boxes_reference_id_index` (`reference_id`)
) ENGINE=InnoDB AUTO_INCREMENT=9 DEFAULT CHARSET=utf8mb4 COLLATE=utf8mb4_unicode_ci;
/*!40101 SET character_set_client = @saved_cs_client */;

--
-- Dumping data for table `meta_boxes`
--

LOCK TABLES `meta_boxes` WRITE;
/*!40000 ALTER TABLE `meta_boxes` DISABLE KEYS */;
INSERT INTO `meta_boxes` VALUES (1,'link','[\"https:\\/\\/example.com\\/e-commerce\"]',1,'Botble\\Portfolio\\Models\\Project','2025-06-25 17:23:09','2025-06-25 17:23:09'),(2,'category_ids','[[1]]',1,'Botble\\Portfolio\\Models\\Project','2025-06-25 17:23:09','2025-06-25 17:23:09'),(3,'link','[\"https:\\/\\/example.com\\/mobile-app\"]',2,'Botble\\Portfolio\\Models\\Project','2025-06-25 17:23:09','2025-06-25 17:23:09'),(4,'category_ids','[[2]]',2,'Botble\\Portfolio\\Models\\Project','2025-06-25 17:23:09','2025-06-25 17:23:09'),(5,'link','[\"https:\\/\\/example.com\\/portfolio\"]',3,'Botble\\Portfolio\\Models\\Project','2025-06-25 17:23:09','2025-06-25 17:23:09'),(6,'category_ids','[[1,2]]',3,'Botble\\Portfolio\\Models\\Project','2025-06-25 17:23:09','2025-06-25 17:23:09'),(7,'link','[\"https:\\/\\/example.com\\/seo-marketing\"]',4,'Botble\\Portfolio\\Models\\Project','2025-06-25 17:23:09','2025-06-25 17:23:09'),(8,'category_ids','[[3,4]]',4,'Botble\\Portfolio\\Models\\Project','2025-06-25 17:23:09','2025-06-25 17:23:09');
/*!40000 ALTER TABLE `meta_boxes` ENABLE KEYS */;
UNLOCK TABLES;

--
-- Table structure for table `migrations`
--

DROP TABLE IF EXISTS `migrations`;
/*!40101 SET @saved_cs_client     = @@character_set_client */;
/*!50503 SET character_set_client = utf8mb4 */;
CREATE TABLE `migrations` (
  `id` int unsigned NOT NULL AUTO_INCREMENT,
  `migration` varchar(191) COLLATE utf8mb4_unicode_ci NOT NULL,
  `batch` int NOT NULL,
  PRIMARY KEY (`id`)
) ENGINE=InnoDB AUTO_INCREMENT=90 DEFAULT CHARSET=utf8mb4 COLLATE=utf8mb4_unicode_ci;
/*!40101 SET character_set_client = @saved_cs_client */;

--
-- Dumping data for table `migrations`
--

LOCK TABLES `migrations` WRITE;
/*!40000 ALTER TABLE `migrations` DISABLE KEYS */;
INSERT INTO `migrations` VALUES (1,'0001_01_01_000001_create_cache_table',1),(2,'2013_04_09_032329_create_base_tables',1),(3,'2013_04_09_062329_create_revisions_table',1),(4,'2014_10_12_000000_create_users_table',1),(5,'2014_10_12_100000_create_password_reset_tokens_table',1),(6,'2015_06_18_033822_create_blog_table',1),(7,'2015_06_29_025744_create_audit_history',1),(8,'2016_05_28_112028_create_system_request_logs_table',1),(9,'2016_06_10_230148_create_acl_tables',1),(10,'2016_06_14_230857_create_menus_table',1),(11,'2016_06_17_091537_create_contacts_table',1),(12,'2016_06_28_221418_create_pages_table',1),(13,'2016_10_03_032336_create_languages_table',1),(14,'2016_10_05_074239_create_setting_table',1),(15,'2016_10_07_193005_create_translations_table',1),(16,'2016_10_13_150201_create_galleries_table',1),(17,'2016_11_28_032840_create_dashboard_widget_tables',1),(18,'2016_12_16_084601_create_widgets_table',1),(19,'2017_05_09_070343_create_media_tables',1),(20,'2017_10_24_154832_create_newsletter_table',1),(21,'2017_11_03_070450_create_slug_table',1),(22,'2018_07_09_214610_create_testimonial_table',1),(23,'2018_07_09_221238_create_faq_table',1),(24,'2019_01_05_053554_create_jobs_table',1),(25,'2019_08_19_000000_create_failed_jobs_table',1),(26,'2019_12_14_000001_create_personal_access_tokens_table',1),(27,'2021_02_16_092633_remove_default_value_for_author_type',1),(28,'2021_10_25_021023_fix-priority-load-for-language-advanced',1),(29,'2021_12_03_030600_create_blog_translations',1),(30,'2021_12_03_075608_create_page_translations',1),(31,'2021_12_03_082134_create_faq_translations',1),(32,'2021_12_03_082953_create_gallery_translations',1),(33,'2021_12_03_083642_create_testimonials_translations',1),(34,'2022_04_19_113923_add_index_to_table_posts',1),(35,'2022_04_20_100851_add_index_to_media_table',1),(36,'2022_04_20_101046_add_index_to_menu_table',1),(37,'2022_04_30_034048_create_gallery_meta_translations_table',1),(38,'2022_07_10_034813_move_lang_folder_to_root',1),(39,'2022_08_04_051940_add_missing_column_expires_at',1),(40,'2022_09_01_000001_create_admin_notifications_tables',1),(41,'2022_10_14_024629_drop_column_is_featured',1),(42,'2022_11_18_063357_add_missing_timestamp_in_table_settings',1),(43,'2022_12_02_093615_update_slug_index_columns',1),(44,'2023_01_30_024431_add_alt_to_media_table',1),(45,'2023_02_16_042611_drop_table_password_resets',1),(46,'2023_04_23_005903_add_column_permissions_to_admin_notifications',1),(47,'2023_05_10_075124_drop_column_id_in_role_users_table',1),(48,'2023_07_06_011444_create_slug_translations_table',1),(49,'2023_07_25_072632_create_portfolio_tables',1),(50,'2023_08_11_060908_create_announcements_table',1),(51,'2023_08_21_090810_make_page_content_nullable',1),(52,'2023_08_29_074620_make_column_author_id_nullable',1),(53,'2023_08_29_075308_make_column_user_id_nullable',1),(54,'2023_09_11_023233_create_pf_custom_fields_table',1),(55,'2023_09_13_042633_add_columns_to_pf_projects_table',1),(56,'2023_09_13_044041_create_pf_project_categories_table',1),(57,'2023_09_14_021936_update_index_for_slugs_table',1),(58,'2023_09_14_022423_add_index_for_language_table',1),(59,'2023_09_22_061723_create_custom_fields_translations_table',1),(60,'2023_09_22_343531_remove_project_categories_table',1),(61,'2023_11_05_081701_fix_projects_table',1),(62,'2023_11_10_080225_migrate_contact_blacklist_email_domains_to_core',1),(63,'2023_11_14_033417_change_request_column_in_table_audit_histories',1),(64,'2023_11_17_063408_add_description_column_to_faq_categories_table',1),(65,'2023_12_07_095130_add_color_column_to_media_folders_table',1),(66,'2023_12_12_105220_drop_translations_table',1),(67,'2023_12_17_162208_make_sure_column_color_in_media_folders_nullable',1),(68,'2024_01_16_050056_create_comments_table',1),(69,'2024_03_20_080001_migrate_change_attribute_email_to_nullable_form_contacts_table',1),(70,'2024_03_25_000001_update_captcha_settings_for_contact',1),(71,'2024_03_25_000001_update_captcha_settings_for_newsletter',1),(72,'2024_04_04_110758_update_value_column_in_user_meta_table',1),(73,'2024_04_19_063914_create_custom_fields_table',1),(74,'2024_04_27_100730_improve_analytics_setting',1),(75,'2024_05_12_091229_add_column_visibility_to_table_media_files',1),(76,'2024_05_16_060328_add_projects_translations_table',1),(77,'2024_07_07_091316_fix_column_url_in_menu_nodes_table',1),(78,'2024_07_12_100000_change_random_hash_for_media',1),(79,'2024_07_30_091615_fix_order_column_in_categories_table',1),(80,'2024_09_09_075552_add_action_field_pf_packages_table',1),(81,'2024_09_30_024515_create_sessions_table',1),(82,'2024_11_14_024038_improve_pf_packages_table',1),(83,'2024_12_19_000001_create_device_tokens_table',1),(84,'2024_12_19_000002_create_push_notifications_table',1),(85,'2024_12_19_000003_create_push_notification_recipients_table',1),(86,'2025_01_06_033807_add_default_value_for_categories_author_type',1),(87,'2025_01_19_145943_add_column_order_to_table_pf_services',1),(88,'2025_02_11_153025_add_action_label_to_announcement_translations',1),(89,'2025_05_05_000001_add_user_type_to_audit_histories_table',1);
/*!40000 ALTER TABLE `migrations` ENABLE KEYS */;
UNLOCK TABLES;

--
-- Table structure for table `newsletters`
--

DROP TABLE IF EXISTS `newsletters`;
/*!40101 SET @saved_cs_client     = @@character_set_client */;
/*!50503 SET character_set_client = utf8mb4 */;
CREATE TABLE `newsletters` (
  `id` bigint unsigned NOT NULL AUTO_INCREMENT,
  `email` varchar(120) COLLATE utf8mb4_unicode_ci NOT NULL,
  `name` varchar(120) COLLATE utf8mb4_unicode_ci DEFAULT NULL,
  `status` varchar(60) COLLATE utf8mb4_unicode_ci NOT NULL DEFAULT 'subscribed',
  `created_at` timestamp NULL DEFAULT NULL,
  `updated_at` timestamp NULL DEFAULT NULL,
  PRIMARY KEY (`id`)
) ENGINE=InnoDB DEFAULT CHARSET=utf8mb4 COLLATE=utf8mb4_unicode_ci;
/*!40101 SET character_set_client = @saved_cs_client */;

--
-- Dumping data for table `newsletters`
--

LOCK TABLES `newsletters` WRITE;
/*!40000 ALTER TABLE `newsletters` DISABLE KEYS */;
/*!40000 ALTER TABLE `newsletters` ENABLE KEYS */;
UNLOCK TABLES;

--
-- Table structure for table `pages`
--

DROP TABLE IF EXISTS `pages`;
/*!40101 SET @saved_cs_client     = @@character_set_client */;
/*!50503 SET character_set_client = utf8mb4 */;
CREATE TABLE `pages` (
  `id` bigint unsigned NOT NULL AUTO_INCREMENT,
  `name` varchar(120) COLLATE utf8mb4_unicode_ci NOT NULL,
  `content` longtext COLLATE utf8mb4_unicode_ci,
  `user_id` bigint unsigned DEFAULT NULL,
  `image` varchar(191) COLLATE utf8mb4_unicode_ci DEFAULT NULL,
  `template` varchar(60) COLLATE utf8mb4_unicode_ci DEFAULT NULL,
  `description` varchar(400) COLLATE utf8mb4_unicode_ci DEFAULT NULL,
  `status` varchar(60) COLLATE utf8mb4_unicode_ci NOT NULL DEFAULT 'published',
  `created_at` timestamp NULL DEFAULT NULL,
  `updated_at` timestamp NULL DEFAULT NULL,
  PRIMARY KEY (`id`),
  KEY `pages_user_id_index` (`user_id`)
) ENGINE=InnoDB AUTO_INCREMENT=8 DEFAULT CHARSET=utf8mb4 COLLATE=utf8mb4_unicode_ci;
/*!40101 SET character_set_client = @saved_cs_client */;

--
-- Dumping data for table `pages`
--

LOCK TABLES `pages` WRITE;
/*!40000 ALTER TABLE `pages` DISABLE KEYS */;
INSERT INTO `pages` VALUES (1,'Home','[hero-banner style=&quot;1&quot; title=&quot;Crafting Intuitive &lt;span class=&#039;text-primary&#039;&gt;Digital Experiences&lt;/span&gt;&quot; subtitle=&quot; Hi there, I&#039;m William&quot; description=&quot;I assist individuals and brands in achieving their objectives by creating and developing user-focused digital products and interactive experiences.&quot; below_button_text=&quot;+ 12 years with professional design software&quot; primary_button_text=&quot;Download CV&quot; primary_button_link=&quot;/storage/main/resume/cv.pdf&quot; primary_button_icon=&quot;ti ti-download&quot; secondary_button_text=&quot;Hire Me&quot; secondary_button_link=&quot;#contact&quot; secondary_button_icon=&quot;ti ti-arrow-right&quot; open_secondary_link_in_the_new_tab=&quot;no&quot; quantity=&quot;6&quot; name_1=&quot;Figma&quot; image_1=&quot;main/skills/1.png&quot; name_2=&quot;Adobe XD&quot; image_2=&quot;main/skills/2.png&quot; name_3=&quot;Illustrator&quot; image_3=&quot;main/skills/3.png&quot; name_4=&quot;Sketch&quot; image_4=&quot;main/skills/4.png&quot; name_5=&quot;Photoshop&quot; image_5=&quot;main/skills/5.png&quot; name_6=&quot;Webflow&quot; image_6=&quot;main/skills/6.png&quot; background_image=&quot;main/general/hero-bg.png&quot; right_image=&quot;main/general/hero-man.png&quot; right_image_shape=&quot;main/general/hero-decorate.png&quot; enable_lazy_loading=&quot;no&quot;][/hero-banner]\n[stats-counter style=&quot;1&quot; quantity=&quot;4&quot; label_1=&quot;Years of&quot; highlight_text_1=&quot;Experience&quot; count_1=&quot;12&quot; label_2=&quot;Projects&quot; highlight_text_2=&quot;Completed&quot; count_2=&quot;250&quot; label_3=&quot;Satisfied&quot; highlight_text_3=&quot;Happy Clients&quot; count_3=&quot;680&quot; label_4=&quot;Awards&quot; highlight_text_4=&quot;Won Received&quot; count_4=&quot;18&quot; enable_lazy_loading=&quot;no&quot;][/stats-counter]\n[services style=&quot;1&quot; title=&quot;What do I offer?&quot; subtitle=&quot;My journey started with a fascination for design and technology, leading me to specialize in UI/UX design&quot; service_ids=&quot;3,2,4,1&quot; enable_lazy_loading=&quot;yes&quot;][/services]\n[projects style=&quot;1&quot; title=&quot;My Latest Works&quot; subtitle=&quot;I believe that working hard and trying to learn every day will &lt;br&gt; make me improve in satisfying my customers.&quot; project_ids=&quot;1,2,3,4&quot; bottom_action_text=&quot;View all&quot; bottom_action_link=&quot;/projects&quot; enable_lazy_loading=&quot;yes&quot;][/projects]\n[resume style=&quot;1&quot; title=&quot;My Resume&quot; subtitle=&quot;I believe that working hard and trying to learn every day will &lt;br&gt; make me improve in satisfying my customers.&quot; action_text=&quot;Get in touch&quot; action_link=&quot;#contact&quot; resume_1_title=&quot;Education&quot; resume_1_title_icon=&quot;ti ti-school&quot; resume_1_quantity=&quot;4&quot; resume_1_time_1=&quot;2018 - 2019&quot; resume_1_title_1=&quot;Certification in UX Design&quot; resume_1_description_1=&quot;University of Stanford&quot; resume_1_subtitle_1=&quot;4.9/5&quot; resume_1_time_2=&quot;2017 - 2018&quot; resume_1_title_2=&quot;Certification in Web Dev&quot; resume_1_description_2=&quot;University of Stanford&quot; resume_1_subtitle_2=&quot;5.0/5&quot; resume_1_time_3=&quot;2014 - 2016&quot; resume_1_title_3=&quot;Advanced UX/UI Bootcamp&quot; resume_1_description_3=&quot;Design Academy&quot; resume_1_subtitle_3=&quot;4.9/5&quot; resume_1_time_4=&quot;2012 - 2013&quot; resume_1_title_4=&quot;Certification in Graphic Design&quot; resume_1_description_4=&quot;Coursera&quot; resume_1_subtitle_4=&quot;4.8/5&quot; resume_2_title=&quot;Experience&quot; resume_2_title_icon=&quot;ti ti-stars&quot; resume_2_quantity=&quot;4&quot; resume_2_time_1=&quot;2019 - Present&quot; resume_2_title_1=&quot;Senior UI/UX Designer&quot; resume_2_description_1=&quot;Leader in Creative team&quot; resume_2_time_2=&quot;2016 - 2019&quot; resume_2_title_2=&quot;UI/UX Designer&quot; resume_2_description_2=&quot;Tech Startup&quot; resume_2_time_3=&quot;2014 - 2016&quot; resume_2_title_3=&quot;Freelance UI/UX Designer&quot; resume_2_description_3=&quot;Self-Employed&quot; resume_2_time_4=&quot;2012 - 2014&quot; resume_2_title_4=&quot;Junior UI Designer&quot; resume_2_description_4=&quot;Web Solutions team&quot; bottom_text=&quot;Branding . Marketing . User Interface&quot; background_image=&quot;main/general/grid-bg.png&quot; enable_lazy_loading=&quot;yes&quot;][/resume]\n[skills style=&quot;1&quot; title=&quot;My Skills&quot; subtitle=&quot;I thrive on turning complex problems into simple, beautiful &lt;br&gt; solutions that enhance user satisfaction.&quot; quantity=&quot;7&quot; name_1=&quot;Figma&quot; image_1=&quot;main/skills/1.png&quot; level_1=&quot;81%&quot; name_2=&quot;Adobe XD&quot; image_2=&quot;main/skills/2.png&quot; level_2=&quot;94%&quot; name_3=&quot;Illustrator&quot; image_3=&quot;main/skills/3.png&quot; level_3=&quot;98%&quot; name_4=&quot;Sketch&quot; image_4=&quot;main/skills/4.png&quot; level_4=&quot;73%&quot; name_5=&quot;Photoshop&quot; image_5=&quot;main/skills/5.png&quot; level_5=&quot;95%&quot; name_6=&quot;Webflow&quot; image_6=&quot;main/skills/6.png&quot; level_6=&quot;76%&quot; name_7=&quot;Framer&quot; image_7=&quot;main/skills/7.png&quot; level_7=&quot;76%&quot; extra_content=&quot;In addition, I have some programming knowledge such as: &lt;br&gt; &lt;span class=&#039;fs-5 fw-bold text-dark&#039;&gt;HTML, CSS, Javascript, Bootstrap, TailwindCSS&lt;/span&gt;&quot; enable_lazy_loading=&quot;yes&quot;][/skills]\n[image-slider title=&quot;Trusted by industry leaders&quot; subtitle=&quot;I have collaborated with many large corporations, companies, and agencies around &lt;br&gt; the world in many fields of design and consulting&quot; quantity=&quot;10&quot; name_1=&quot;Brave&quot; image_1=&quot;main/brands/1.png&quot; url_1=&quot;https://Brave.com&quot; open_in_new_tab_1=&quot;1&quot; name_2=&quot;Circle&quot; image_2=&quot;main/brands/2.png&quot; url_2=&quot;https://Circle.com&quot; open_in_new_tab_2=&quot;1&quot; name_3=&quot;Discord&quot; image_3=&quot;main/brands/3.png&quot; url_3=&quot;https://Discord.com&quot; open_in_new_tab_3=&quot;1&quot; name_4=&quot;Google&quot; image_4=&quot;main/brands/4.png&quot; url_4=&quot;https://Google.com&quot; open_in_new_tab_4=&quot;1&quot; name_5=&quot;jump_&quot; image_5=&quot;main/brands/5.png&quot; url_5=&quot;https://jump.com&quot; open_in_new_tab_5=&quot;1&quot; name_6=&quot;Magic Eden&quot; image_6=&quot;main/brands/6.png&quot; url_6=&quot;https://Magic Eden.com&quot; open_in_new_tab_6=&quot;1&quot; name_7=&quot;MetaMask&quot; image_7=&quot;main/brands/7.png&quot; url_7=&quot;https://MetaMask.com&quot; open_in_new_tab_7=&quot;1&quot; name_8=&quot;Shopify&quot; image_8=&quot;main/brands/8.png&quot; url_8=&quot;https://Shopify.com&quot; open_in_new_tab_8=&quot;1&quot; name_9=&quot;Stripe&quot; image_9=&quot;main/brands/9.png&quot; url_9=&quot;https://Stripe.com&quot; open_in_new_tab_9=&quot;1&quot; name_10=&quot;Lolliapaloza&quot; image_10=&quot;main/brands/10.png&quot; url_10=&quot;https://Lolliapaloza.com&quot; open_in_new_tab_10=&quot;1&quot; enable_lazy_loading=&quot;yes&quot;][/image-slider]\n[testimonials title=&quot;Client&#039;s Testimonials&quot; subtitle=&quot;I believe that working hard and trying to learn every day will make me &lt;br&gt; improve in satisfying my customers.&quot; testimonial_ids=&quot;1,2,3,4&quot; shape_image=&quot;main/avatars/man.png&quot; enable_lazy_loading=&quot;yes&quot;][/testimonials]\n[blog-posts style=&quot;1&quot; paginate=&quot;3&quot; title=&quot;Recent blog&quot; subtitle=&quot;Explore the insights and trends shaping our industry&quot; action_text=&quot;View more&quot; action_link=&quot;/blog&quot; enable_lazy_loading=&quot;yes&quot;][/blog-posts]\n[contact-form style=&quot;1&quot; display_fields=&quot;phone,email,subject,address&quot; mandatory_fields=&quot;email,subject&quot; title=&quot;Get in touch&quot; subtitle=&quot;I&#039;m always excited to take on new projects and collaborate with innovative minds. If you &lt;br&gt; have a project in mind or just want to chat about design, feel free to reach out!&quot; quantity=&quot;4&quot; label_1=&quot;Phone&quot; content_1=&quot;+1-234-567-8901&quot; icon_1=&quot;ti ti-phone&quot; url_1=&quot;tel:+1-234-567-8901&quot; label_2=&quot;Email&quot; content_2=&quot;contact@botble.com&quot; icon_2=&quot;ti ti-mail&quot; url_2=&quot;mailto:contact@botble.com&quot; label_3=&quot;X (Twitter)&quot; content_3=&quot;Botble Technologies&quot; icon_3=&quot;ti ti-user&quot; url_3=&quot;https://x.com/botble&quot; label_4=&quot;Address&quot; content_4=&quot;0811 Erdman Prairie, Joaville CA&quot; icon_4=&quot;ti ti-map&quot; url_4=&quot;https://google.com/maps&quot;][/contact-form]\n[galleries title=&quot;Follow Me On Instagram&quot; subtitle=&quot;william.design&quot; icon=&quot;ti ti-brand-instagram&quot; description=&quot;Followed by: 256,215&quot; limit=&quot;6&quot;][/galleries]',1,NULL,'default',NULL,'published','2025-06-25 17:23:11','2025-06-25 17:23:11'),(2,'Services','[services style=&quot;4&quot; enable_lazy_loading=&quot;no&quot;][/services]',1,NULL,'has-heading','\n                With expertise in mobile app and web design, I transform ideas into visually\n                stunning and user-friendly interfaces that captivate and retain users.\n                Explore my work and see design in action.','published','2025-06-25 17:23:11','2025-06-25 17:23:11'),(3,'Projects','[projects style=&quot;4&quot; enable_lazy_loading=&quot;no&quot;][/projects]',1,NULL,'has-heading','\n                With expertise in mobile app and web design, I transform ideas into visually\n                stunning and user-friendly interfaces that captivate and retain users.\n                Explore my work and see design in action.','published','2025-06-25 17:23:11','2025-06-25 17:23:11'),(4,'Pricing','[pricing-plans package_ids=&quot;&quot; enable_lazy_loading=&quot;no&quot;][/pricing-plans]\n[faqs title=&quot;Common Questions&quot; category_ids=&quot;&quot; enable_lazy_loading=&quot;no&quot;][/faqs]',1,NULL,'has-heading','Flexible Plans Tailored to Meet Your Unique Needs, Ensuring High-Quality Services\n                Without Breaking the Bank','published','2025-06-25 17:23:11','2025-06-25 17:23:11'),(5,'Blog','',1,NULL,'has-heading','Discover key insights and emerging trends shaping the future of design: a detailed\n                examination of how these innovations are reshaping our industry','published','2025-06-25 17:23:11','2025-06-25 17:23:11'),(6,'Contact','[contact-form style=&quot;1&quot; display_fields=&quot;phone,email,subject,address&quot; mandatory_fields=&quot;email,subject&quot; title=&quot;Let&#039;s connect&quot; quantity=&quot;4&quot; label_1=&quot;Phone&quot; content_1=&quot;+1-234-567-8901&quot; icon_1=&quot;ti ti-phone&quot; url_1=&quot;tel:+1-234-567-8901&quot; label_2=&quot;Email&quot; content_2=&quot;contact@botble.com&quot; icon_2=&quot;ti ti-mail&quot; url_2=&quot;mailto:contact@botble.com&quot; label_3=&quot;X (Twitter)&quot; content_3=&quot;Botble Technologies&quot; icon_3=&quot;ti ti-user&quot; url_3=&quot;https://x.com/botble&quot; label_4=&quot;Address&quot; content_4=&quot;0811 Erdman Prairie, Joaville CA&quot; icon_4=&quot;ti ti-map&quot; url_4=&quot;https://google.com/maps&quot;][/contact-form]',1,NULL,'default',NULL,'published','2025-06-25 17:23:11','2025-06-25 17:23:11'),(7,'Cookie Policy','<h3>EU Cookie Consent</h3><p>To use this website we are using Cookies and collecting some Data. To be compliant with the EU GDPR we give you to choose if you allow us to use certain Cookies and to collect some Data.</p><h4>Essential Data</h4><p>The Essential Data is needed to run the Site you are visiting technically. You can not deactivate them.</p><p>- Session Cookie: PHP uses a Cookie to identify user sessions. Without this Cookie the Website is not working.</p><p>- XSRF-Token Cookie: Laravel automatically generates a CSRF \"token\" for each active user session managed by the application. This token is used to verify that the authenticated user is the one actually making the requests to the application.</p>',1,NULL,'has-heading',NULL,'published','2025-06-25 17:23:11','2025-06-25 17:23:11');
/*!40000 ALTER TABLE `pages` ENABLE KEYS */;
UNLOCK TABLES;

--
-- Table structure for table `pages_translations`
--

DROP TABLE IF EXISTS `pages_translations`;
/*!40101 SET @saved_cs_client     = @@character_set_client */;
/*!50503 SET character_set_client = utf8mb4 */;
CREATE TABLE `pages_translations` (
  `lang_code` varchar(20) COLLATE utf8mb4_unicode_ci NOT NULL,
  `pages_id` bigint unsigned NOT NULL,
  `name` varchar(191) COLLATE utf8mb4_unicode_ci DEFAULT NULL,
  `description` varchar(400) COLLATE utf8mb4_unicode_ci DEFAULT NULL,
  `content` longtext COLLATE utf8mb4_unicode_ci,
  PRIMARY KEY (`lang_code`,`pages_id`)
) ENGINE=InnoDB DEFAULT CHARSET=utf8mb4 COLLATE=utf8mb4_unicode_ci;
/*!40101 SET character_set_client = @saved_cs_client */;

--
-- Dumping data for table `pages_translations`
--

LOCK TABLES `pages_translations` WRITE;
/*!40000 ALTER TABLE `pages_translations` DISABLE KEYS */;
/*!40000 ALTER TABLE `pages_translations` ENABLE KEYS */;
UNLOCK TABLES;

--
-- Table structure for table `password_reset_tokens`
--

DROP TABLE IF EXISTS `password_reset_tokens`;
/*!40101 SET @saved_cs_client     = @@character_set_client */;
/*!50503 SET character_set_client = utf8mb4 */;
CREATE TABLE `password_reset_tokens` (
  `email` varchar(191) COLLATE utf8mb4_unicode_ci NOT NULL,
  `token` varchar(191) COLLATE utf8mb4_unicode_ci NOT NULL,
  `created_at` timestamp NULL DEFAULT NULL,
  PRIMARY KEY (`email`)
) ENGINE=InnoDB DEFAULT CHARSET=utf8mb4 COLLATE=utf8mb4_unicode_ci;
/*!40101 SET character_set_client = @saved_cs_client */;

--
-- Dumping data for table `password_reset_tokens`
--

LOCK TABLES `password_reset_tokens` WRITE;
/*!40000 ALTER TABLE `password_reset_tokens` DISABLE KEYS */;
/*!40000 ALTER TABLE `password_reset_tokens` ENABLE KEYS */;
UNLOCK TABLES;

--
-- Table structure for table `personal_access_tokens`
--

DROP TABLE IF EXISTS `personal_access_tokens`;
/*!40101 SET @saved_cs_client     = @@character_set_client */;
/*!50503 SET character_set_client = utf8mb4 */;
CREATE TABLE `personal_access_tokens` (
  `id` bigint unsigned NOT NULL AUTO_INCREMENT,
  `tokenable_type` varchar(191) COLLATE utf8mb4_unicode_ci NOT NULL,
  `tokenable_id` bigint unsigned NOT NULL,
  `name` varchar(191) COLLATE utf8mb4_unicode_ci NOT NULL,
  `token` varchar(64) COLLATE utf8mb4_unicode_ci NOT NULL,
  `abilities` text COLLATE utf8mb4_unicode_ci,
  `last_used_at` timestamp NULL DEFAULT NULL,
  `expires_at` timestamp NULL DEFAULT NULL,
  `created_at` timestamp NULL DEFAULT NULL,
  `updated_at` timestamp NULL DEFAULT NULL,
  PRIMARY KEY (`id`),
  UNIQUE KEY `personal_access_tokens_token_unique` (`token`),
  KEY `personal_access_tokens_tokenable_type_tokenable_id_index` (`tokenable_type`,`tokenable_id`)
) ENGINE=InnoDB DEFAULT CHARSET=utf8mb4 COLLATE=utf8mb4_unicode_ci;
/*!40101 SET character_set_client = @saved_cs_client */;

--
-- Dumping data for table `personal_access_tokens`
--

LOCK TABLES `personal_access_tokens` WRITE;
/*!40000 ALTER TABLE `personal_access_tokens` DISABLE KEYS */;
/*!40000 ALTER TABLE `personal_access_tokens` ENABLE KEYS */;
UNLOCK TABLES;

--
-- Table structure for table `pf_custom_field_options`
--

DROP TABLE IF EXISTS `pf_custom_field_options`;
/*!40101 SET @saved_cs_client     = @@character_set_client */;
/*!50503 SET character_set_client = utf8mb4 */;
CREATE TABLE `pf_custom_field_options` (
  `id` bigint unsigned NOT NULL AUTO_INCREMENT,
  `custom_field_id` bigint unsigned NOT NULL,
  `label` varchar(191) COLLATE utf8mb4_unicode_ci DEFAULT NULL,
  `value` varchar(191) COLLATE utf8mb4_unicode_ci NOT NULL,
  `order` int NOT NULL DEFAULT '999',
  `created_at` timestamp NULL DEFAULT NULL,
  `updated_at` timestamp NULL DEFAULT NULL,
  PRIMARY KEY (`id`),
  KEY `pf_custom_field_options_custom_field_id_index` (`custom_field_id`)
) ENGINE=InnoDB DEFAULT CHARSET=utf8mb4 COLLATE=utf8mb4_unicode_ci;
/*!40101 SET character_set_client = @saved_cs_client */;

--
-- Dumping data for table `pf_custom_field_options`
--

LOCK TABLES `pf_custom_field_options` WRITE;
/*!40000 ALTER TABLE `pf_custom_field_options` DISABLE KEYS */;
/*!40000 ALTER TABLE `pf_custom_field_options` ENABLE KEYS */;
UNLOCK TABLES;

--
-- Table structure for table `pf_custom_field_options_translations`
--

DROP TABLE IF EXISTS `pf_custom_field_options_translations`;
/*!40101 SET @saved_cs_client     = @@character_set_client */;
/*!50503 SET character_set_client = utf8mb4 */;
CREATE TABLE `pf_custom_field_options_translations` (
  `lang_code` varchar(191) COLLATE utf8mb4_unicode_ci NOT NULL,
  `label` varchar(191) COLLATE utf8mb4_unicode_ci DEFAULT NULL,
  `value` varchar(191) COLLATE utf8mb4_unicode_ci DEFAULT NULL,
  `pf_custom_field_options_id` bigint unsigned NOT NULL,
  PRIMARY KEY (`lang_code`,`pf_custom_field_options_id`)
) ENGINE=InnoDB DEFAULT CHARSET=utf8mb4 COLLATE=utf8mb4_unicode_ci;
/*!40101 SET character_set_client = @saved_cs_client */;

--
-- Dumping data for table `pf_custom_field_options_translations`
--

LOCK TABLES `pf_custom_field_options_translations` WRITE;
/*!40000 ALTER TABLE `pf_custom_field_options_translations` DISABLE KEYS */;
/*!40000 ALTER TABLE `pf_custom_field_options_translations` ENABLE KEYS */;
UNLOCK TABLES;

--
-- Table structure for table `pf_custom_fields`
--

DROP TABLE IF EXISTS `pf_custom_fields`;
/*!40101 SET @saved_cs_client     = @@character_set_client */;
/*!50503 SET character_set_client = utf8mb4 */;
CREATE TABLE `pf_custom_fields` (
  `id` bigint unsigned NOT NULL AUTO_INCREMENT,
  `author_type` varchar(191) COLLATE utf8mb4_unicode_ci NOT NULL,
  `author_id` bigint unsigned NOT NULL,
  `name` varchar(255) COLLATE utf8mb4_unicode_ci NOT NULL,
  `placeholder` varchar(191) COLLATE utf8mb4_unicode_ci DEFAULT NULL,
  `required` tinyint(1) NOT NULL DEFAULT '0',
  `type` varchar(60) COLLATE utf8mb4_unicode_ci NOT NULL,
  `order` int NOT NULL DEFAULT '999',
  `status` varchar(191) COLLATE utf8mb4_unicode_ci NOT NULL DEFAULT 'published',
  `created_at` timestamp NULL DEFAULT NULL,
  `updated_at` timestamp NULL DEFAULT NULL,
  PRIMARY KEY (`id`),
  KEY `pf_custom_fields_author_type_author_id_index` (`author_type`,`author_id`)
) ENGINE=InnoDB DEFAULT CHARSET=utf8mb4 COLLATE=utf8mb4_unicode_ci;
/*!40101 SET character_set_client = @saved_cs_client */;

--
-- Dumping data for table `pf_custom_fields`
--

LOCK TABLES `pf_custom_fields` WRITE;
/*!40000 ALTER TABLE `pf_custom_fields` DISABLE KEYS */;
/*!40000 ALTER TABLE `pf_custom_fields` ENABLE KEYS */;
UNLOCK TABLES;

--
-- Table structure for table `pf_custom_fields_translations`
--

DROP TABLE IF EXISTS `pf_custom_fields_translations`;
/*!40101 SET @saved_cs_client     = @@character_set_client */;
/*!50503 SET character_set_client = utf8mb4 */;
CREATE TABLE `pf_custom_fields_translations` (
  `lang_code` varchar(191) COLLATE utf8mb4_unicode_ci NOT NULL,
  `name` varchar(191) COLLATE utf8mb4_unicode_ci DEFAULT NULL,
  `placeholder` varchar(191) COLLATE utf8mb4_unicode_ci DEFAULT NULL,
  `type` varchar(60) COLLATE utf8mb4_unicode_ci DEFAULT NULL,
  `pf_custom_fields_id` bigint unsigned NOT NULL,
  PRIMARY KEY (`lang_code`,`pf_custom_fields_id`)
) ENGINE=InnoDB DEFAULT CHARSET=utf8mb4 COLLATE=utf8mb4_unicode_ci;
/*!40101 SET character_set_client = @saved_cs_client */;

--
-- Dumping data for table `pf_custom_fields_translations`
--

LOCK TABLES `pf_custom_fields_translations` WRITE;
/*!40000 ALTER TABLE `pf_custom_fields_translations` DISABLE KEYS */;
/*!40000 ALTER TABLE `pf_custom_fields_translations` ENABLE KEYS */;
UNLOCK TABLES;

--
-- Table structure for table `pf_packages`
--

DROP TABLE IF EXISTS `pf_packages`;
/*!40101 SET @saved_cs_client     = @@character_set_client */;
/*!50503 SET character_set_client = utf8mb4 */;
CREATE TABLE `pf_packages` (
  `id` bigint unsigned NOT NULL AUTO_INCREMENT,
  `name` varchar(191) COLLATE utf8mb4_unicode_ci NOT NULL,
  `description` varchar(400) COLLATE utf8mb4_unicode_ci DEFAULT NULL,
  `content` text COLLATE utf8mb4_unicode_ci,
  `price` varchar(191) COLLATE utf8mb4_unicode_ci NOT NULL DEFAULT '0',
  `annual_price` varchar(191) COLLATE utf8mb4_unicode_ci DEFAULT NULL,
  `duration` varchar(191) COLLATE utf8mb4_unicode_ci NOT NULL DEFAULT 'monthly',
  `features` text COLLATE utf8mb4_unicode_ci,
  `status` varchar(191) COLLATE utf8mb4_unicode_ci NOT NULL DEFAULT 'published',
  `is_popular` tinyint(1) NOT NULL DEFAULT '0',
  `action_label` varchar(191) COLLATE utf8mb4_unicode_ci DEFAULT NULL,
  `action_url` varchar(191) COLLATE utf8mb4_unicode_ci DEFAULT NULL,
  `created_at` timestamp NULL DEFAULT NULL,
  `updated_at` timestamp NULL DEFAULT NULL,
  `order` tinyint NOT NULL DEFAULT '0',
  PRIMARY KEY (`id`)
) ENGINE=InnoDB AUTO_INCREMENT=3 DEFAULT CHARSET=utf8mb4 COLLATE=utf8mb4_unicode_ci;
/*!40101 SET character_set_client = @saved_cs_client */;

--
-- Dumping data for table `pf_packages`
--

LOCK TABLES `pf_packages` WRITE;
/*!40000 ALTER TABLE `pf_packages` DISABLE KEYS */;
INSERT INTO `pf_packages` VALUES (1,'Basic','For small businesses and startups.','','$49',NULL,'hourly','Require your wireframe\nDesign using Figma, Framer\nDevelop with Webflow, React, WordPress, Laravel/PHP\nRemote/Online collaboration\nAvailable on business days, no weekends\n6 months of support','published',0,'Get Started','/contact','2025-06-25 17:23:09','2025-06-25 17:23:09',0),(2,'Business','For growing businesses and agencies.','','$99',NULL,'hourly','No wireframe needed\nDesign using Figma, Framer\nDevelop with Webflow, React, WordPress, Laravel/PHP\nRemote/Online collaboration\nAvailable on business days, no weekends\n12 months of support\nYour project is always a priority\nCustomer care gifts included','published',0,'Get Started','/contact','2025-06-25 17:23:09','2025-06-25 17:23:09',0);
/*!40000 ALTER TABLE `pf_packages` ENABLE KEYS */;
UNLOCK TABLES;

--
-- Table structure for table `pf_packages_translations`
--

DROP TABLE IF EXISTS `pf_packages_translations`;
/*!40101 SET @saved_cs_client     = @@character_set_client */;
/*!50503 SET character_set_client = utf8mb4 */;
CREATE TABLE `pf_packages_translations` (
  `lang_code` varchar(191) COLLATE utf8mb4_unicode_ci NOT NULL,
  `pf_packages_id` bigint unsigned NOT NULL,
  `name` varchar(255) COLLATE utf8mb4_unicode_ci DEFAULT NULL,
  `description` varchar(400) COLLATE utf8mb4_unicode_ci DEFAULT NULL,
  `content` text COLLATE utf8mb4_unicode_ci,
  `price` varchar(191) COLLATE utf8mb4_unicode_ci DEFAULT NULL,
  `annual_price` varchar(191) COLLATE utf8mb4_unicode_ci DEFAULT NULL,
  `features` text COLLATE utf8mb4_unicode_ci,
  `action_label` varchar(191) COLLATE utf8mb4_unicode_ci DEFAULT NULL,
  `action_url` varchar(191) COLLATE utf8mb4_unicode_ci DEFAULT NULL,
  PRIMARY KEY (`lang_code`,`pf_packages_id`)
) ENGINE=InnoDB DEFAULT CHARSET=utf8mb4 COLLATE=utf8mb4_unicode_ci;
/*!40101 SET character_set_client = @saved_cs_client */;

--
-- Dumping data for table `pf_packages_translations`
--

LOCK TABLES `pf_packages_translations` WRITE;
/*!40000 ALTER TABLE `pf_packages_translations` DISABLE KEYS */;
/*!40000 ALTER TABLE `pf_packages_translations` ENABLE KEYS */;
UNLOCK TABLES;

--
-- Table structure for table `pf_projects`
--

DROP TABLE IF EXISTS `pf_projects`;
/*!40101 SET @saved_cs_client     = @@character_set_client */;
/*!50503 SET character_set_client = utf8mb4 */;
CREATE TABLE `pf_projects` (
  `id` bigint unsigned NOT NULL AUTO_INCREMENT,
  `name` varchar(191) COLLATE utf8mb4_unicode_ci NOT NULL,
  `description` varchar(400) COLLATE utf8mb4_unicode_ci DEFAULT NULL,
  `content` longtext COLLATE utf8mb4_unicode_ci,
  `place` varchar(255) COLLATE utf8mb4_unicode_ci DEFAULT NULL,
  `client` varchar(255) COLLATE utf8mb4_unicode_ci DEFAULT NULL,
  `is_featured` tinyint(1) NOT NULL DEFAULT '0',
  `image` varchar(191) COLLATE utf8mb4_unicode_ci DEFAULT NULL,
  `images` text COLLATE utf8mb4_unicode_ci,
  `views` int NOT NULL DEFAULT '0',
  `status` varchar(60) COLLATE utf8mb4_unicode_ci NOT NULL DEFAULT 'published',
  `created_at` timestamp NULL DEFAULT NULL,
  `updated_at` timestamp NULL DEFAULT NULL,
  `author` varchar(255) COLLATE utf8mb4_unicode_ci DEFAULT NULL,
  `start_date` date DEFAULT NULL,
  `order` tinyint NOT NULL DEFAULT '0',
  PRIMARY KEY (`id`)
) ENGINE=InnoDB AUTO_INCREMENT=5 DEFAULT CHARSET=utf8mb4 COLLATE=utf8mb4_unicode_ci;
/*!40101 SET character_set_client = @saved_cs_client */;

--
-- Dumping data for table `pf_projects`
--

LOCK TABLES `pf_projects` WRITE;
/*!40000 ALTER TABLE `pf_projects` DISABLE KEYS */;
INSERT INTO `pf_projects` VALUES (1,'E-Commerce Website','A full-featured e-commerce platform with a clean UI/UX, integrated payment systems, and advanced search features.','<h5 class=\"fs-5 fw-medium\">Description</h5>\n<p class=\"text-300\">Travila is a comprehensive travel booking app designed to provide users with a seamless and enjoyable booking experience. The project involved creating an intuitive and visually appealing user interface, ensuring that users can effortlessly book flights, hotels, and car rentals all within a single app. The primary goal was to enhance the overall user experience, making travel planning easy and enjoyable.</p>\n<h5 class=\"fs-5 fw-medium mt-4\">Key Features</h5>\n<ul>\n    <li>\n        <p class=\"text-dark fw-bold\">User-Centric Interface: <span class=\"text-300 fw-medium\">Designed a clean and intuitive interface that allows users to navigate through the app with ease, ensuring a smooth and enjoyable booking process.</span></p>\n    </li>\n    <li>\n        <p class=\"text-dark fw-bold\">Integrated Search and Booking: <span class=\"text-300 fw-medium\">Developed an integrated search function that enables users to find and book flights, hotels, and car rentals quickly and efficiently.</span></p>\n    </li>\n    <li>\n        <p class=\"text-dark fw-bold\">Personalized Recommendations: <span class=\"text-300 fw-medium\">Implemented a recommendation system that suggests destinations, accommodations, and activities based on user preferences and past behaviors.</span></p>\n    </li>\n    <li>\n        <p class=\"text-dark fw-bold\">\n            Secure Payment Gateway: <span class=\"text-300 fw-medium\">Integrated a secure payment gateway to ensure that all transactions <span class=\"text-dark fw-bold\">are safe and user data is protected.</span></span>\n        </p>\n    </li>\n    <li>\n        <p class=\"text-dark fw-bold\">Interactive Maps: <span class=\"text-300 fw-medium\">Added interactive maps to help users explore destinations, find nearby attractions, and get directions.</span></p>\n    </li>\n</ul>\n<h5 class=\"fs-5 fw-medium mt-4\">Technologies Used</h5>\n<ul>\n    <li>\n        <p class=\"text-dark fw-bold\">Front-End: <span class=\"text-300 fw-medium\">React Native for cross-platform mobile development, ensuring a consistent experience on both iOS and Android devices.</span></p>\n    </li>\n    <li>\n        <p class=\"text-dark fw-bold\">Back-End: <span class=\"text-300 fw-medium\">Node.js and Express for handling server-side logic and database interactions.</span></p>\n    </li>\n    <li>\n        <p class=\"text-dark fw-bold\">Database: <span class=\"text-300 fw-medium\">MongoDB for flexible data storage and retrieval.</span></p>\n    </li>\n    <li>\n        <p class=\"text-dark fw-bold\">APIs: <span class=\"text-300 fw-medium\">Integrated third-party APIs for flight, hotel, and car rental bookings to provide a wide range of options to users.</span></p>\n    </li>\n    <li>\n        <p class=\"text-dark fw-bold\">Payment Integration: <span class=\"text-300 fw-medium\">Stripe API for secure and reliable payment processing.</span></p>\n    </li>\n</ul>\n<h5 class=\"fs-5 fw-medium mt-4\">Design Highlights</h5>\n<ul>\n    <li>\n        <p class=\"text-dark fw-bold\">Visual Appeal: <span class=\"text-300 fw-medium\">Focused on a visually appealing design with high-quality images and a modern color palette to enhance user engagement.</span></p>\n    </li>\n    <li>\n        <p class=\"text-dark fw-bold\">Usability: <span class=\"text-300 fw-medium\">Ensured the app is user-friendly with clear icons, concise labels, and a straightforward navigation structure.</span></p>\n    </li>\n    <li>\n        <p class=\"text-dark fw-bold\">Responsive Design: <span class=\"text-300 fw-medium\">Made the app responsive to different screen sizes and orientations, providing a consistent user experience across various devices.</span></p>\n    </li>\n</ul>\n',NULL,'Retail Store',1,'main/projects/1.png',NULL,2761,'published','2025-06-25 17:23:09','2025-06-25 17:23:09',NULL,'2023-08-15',0),(2,'Mobile App Design','A sleek mobile app design for a travel booking service, focusing on user-friendly navigation and visual appeal.','<h5 class=\"fs-5 fw-medium\">Description</h5>\n<p class=\"text-300\">Travila is a comprehensive travel booking app designed to provide users with a seamless and enjoyable booking experience. The project involved creating an intuitive and visually appealing user interface, ensuring that users can effortlessly book flights, hotels, and car rentals all within a single app. The primary goal was to enhance the overall user experience, making travel planning easy and enjoyable.</p>\n<h5 class=\"fs-5 fw-medium mt-4\">Key Features</h5>\n<ul>\n    <li>\n        <p class=\"text-dark fw-bold\">User-Centric Interface: <span class=\"text-300 fw-medium\">Designed a clean and intuitive interface that allows users to navigate through the app with ease, ensuring a smooth and enjoyable booking process.</span></p>\n    </li>\n    <li>\n        <p class=\"text-dark fw-bold\">Integrated Search and Booking: <span class=\"text-300 fw-medium\">Developed an integrated search function that enables users to find and book flights, hotels, and car rentals quickly and efficiently.</span></p>\n    </li>\n    <li>\n        <p class=\"text-dark fw-bold\">Personalized Recommendations: <span class=\"text-300 fw-medium\">Implemented a recommendation system that suggests destinations, accommodations, and activities based on user preferences and past behaviors.</span></p>\n    </li>\n    <li>\n        <p class=\"text-dark fw-bold\">\n            Secure Payment Gateway: <span class=\"text-300 fw-medium\">Integrated a secure payment gateway to ensure that all transactions <span class=\"text-dark fw-bold\">are safe and user data is protected.</span></span>\n        </p>\n    </li>\n    <li>\n        <p class=\"text-dark fw-bold\">Interactive Maps: <span class=\"text-300 fw-medium\">Added interactive maps to help users explore destinations, find nearby attractions, and get directions.</span></p>\n    </li>\n</ul>\n<h5 class=\"fs-5 fw-medium mt-4\">Technologies Used</h5>\n<ul>\n    <li>\n        <p class=\"text-dark fw-bold\">Front-End: <span class=\"text-300 fw-medium\">React Native for cross-platform mobile development, ensuring a consistent experience on both iOS and Android devices.</span></p>\n    </li>\n    <li>\n        <p class=\"text-dark fw-bold\">Back-End: <span class=\"text-300 fw-medium\">Node.js and Express for handling server-side logic and database interactions.</span></p>\n    </li>\n    <li>\n        <p class=\"text-dark fw-bold\">Database: <span class=\"text-300 fw-medium\">MongoDB for flexible data storage and retrieval.</span></p>\n    </li>\n    <li>\n        <p class=\"text-dark fw-bold\">APIs: <span class=\"text-300 fw-medium\">Integrated third-party APIs for flight, hotel, and car rental bookings to provide a wide range of options to users.</span></p>\n    </li>\n    <li>\n        <p class=\"text-dark fw-bold\">Payment Integration: <span class=\"text-300 fw-medium\">Stripe API for secure and reliable payment processing.</span></p>\n    </li>\n</ul>\n<h5 class=\"fs-5 fw-medium mt-4\">Design Highlights</h5>\n<ul>\n    <li>\n        <p class=\"text-dark fw-bold\">Visual Appeal: <span class=\"text-300 fw-medium\">Focused on a visually appealing design with high-quality images and a modern color palette to enhance user engagement.</span></p>\n    </li>\n    <li>\n        <p class=\"text-dark fw-bold\">Usability: <span class=\"text-300 fw-medium\">Ensured the app is user-friendly with clear icons, concise labels, and a straightforward navigation structure.</span></p>\n    </li>\n    <li>\n        <p class=\"text-dark fw-bold\">Responsive Design: <span class=\"text-300 fw-medium\">Made the app responsive to different screen sizes and orientations, providing a consistent user experience across various devices.</span></p>\n    </li>\n</ul>\n',NULL,'Travel Agency',1,'main/projects/2.png',NULL,6961,'published','2025-06-25 17:23:09','2025-06-25 17:23:09',NULL,'2023-05-20',0),(3,'Portfolio Website','A minimalist portfolio website for showcasing creative work, with fast loading and responsive design.','<h5 class=\"fs-5 fw-medium\">Description</h5>\n<p class=\"text-300\">Travila is a comprehensive travel booking app designed to provide users with a seamless and enjoyable booking experience. The project involved creating an intuitive and visually appealing user interface, ensuring that users can effortlessly book flights, hotels, and car rentals all within a single app. The primary goal was to enhance the overall user experience, making travel planning easy and enjoyable.</p>\n<h5 class=\"fs-5 fw-medium mt-4\">Key Features</h5>\n<ul>\n    <li>\n        <p class=\"text-dark fw-bold\">User-Centric Interface: <span class=\"text-300 fw-medium\">Designed a clean and intuitive interface that allows users to navigate through the app with ease, ensuring a smooth and enjoyable booking process.</span></p>\n    </li>\n    <li>\n        <p class=\"text-dark fw-bold\">Integrated Search and Booking: <span class=\"text-300 fw-medium\">Developed an integrated search function that enables users to find and book flights, hotels, and car rentals quickly and efficiently.</span></p>\n    </li>\n    <li>\n        <p class=\"text-dark fw-bold\">Personalized Recommendations: <span class=\"text-300 fw-medium\">Implemented a recommendation system that suggests destinations, accommodations, and activities based on user preferences and past behaviors.</span></p>\n    </li>\n    <li>\n        <p class=\"text-dark fw-bold\">\n            Secure Payment Gateway: <span class=\"text-300 fw-medium\">Integrated a secure payment gateway to ensure that all transactions <span class=\"text-dark fw-bold\">are safe and user data is protected.</span></span>\n        </p>\n    </li>\n    <li>\n        <p class=\"text-dark fw-bold\">Interactive Maps: <span class=\"text-300 fw-medium\">Added interactive maps to help users explore destinations, find nearby attractions, and get directions.</span></p>\n    </li>\n</ul>\n<h5 class=\"fs-5 fw-medium mt-4\">Technologies Used</h5>\n<ul>\n    <li>\n        <p class=\"text-dark fw-bold\">Front-End: <span class=\"text-300 fw-medium\">React Native for cross-platform mobile development, ensuring a consistent experience on both iOS and Android devices.</span></p>\n    </li>\n    <li>\n        <p class=\"text-dark fw-bold\">Back-End: <span class=\"text-300 fw-medium\">Node.js and Express for handling server-side logic and database interactions.</span></p>\n    </li>\n    <li>\n        <p class=\"text-dark fw-bold\">Database: <span class=\"text-300 fw-medium\">MongoDB for flexible data storage and retrieval.</span></p>\n    </li>\n    <li>\n        <p class=\"text-dark fw-bold\">APIs: <span class=\"text-300 fw-medium\">Integrated third-party APIs for flight, hotel, and car rental bookings to provide a wide range of options to users.</span></p>\n    </li>\n    <li>\n        <p class=\"text-dark fw-bold\">Payment Integration: <span class=\"text-300 fw-medium\">Stripe API for secure and reliable payment processing.</span></p>\n    </li>\n</ul>\n<h5 class=\"fs-5 fw-medium mt-4\">Design Highlights</h5>\n<ul>\n    <li>\n        <p class=\"text-dark fw-bold\">Visual Appeal: <span class=\"text-300 fw-medium\">Focused on a visually appealing design with high-quality images and a modern color palette to enhance user engagement.</span></p>\n    </li>\n    <li>\n        <p class=\"text-dark fw-bold\">Usability: <span class=\"text-300 fw-medium\">Ensured the app is user-friendly with clear icons, concise labels, and a straightforward navigation structure.</span></p>\n    </li>\n    <li>\n        <p class=\"text-dark fw-bold\">Responsive Design: <span class=\"text-300 fw-medium\">Made the app responsive to different screen sizes and orientations, providing a consistent user experience across various devices.</span></p>\n    </li>\n</ul>\n',NULL,'Creative Professional',1,'main/projects/3.png',NULL,8474,'published','2025-06-25 17:23:09','2025-06-25 17:23:09',NULL,'2022-11-10',0),(4,'SEO and Marketing Campaign','A successful SEO and digital marketing campaign, driving organic traffic and increasing conversion rates.','<h5 class=\"fs-5 fw-medium\">Description</h5>\n<p class=\"text-300\">Travila is a comprehensive travel booking app designed to provide users with a seamless and enjoyable booking experience. The project involved creating an intuitive and visually appealing user interface, ensuring that users can effortlessly book flights, hotels, and car rentals all within a single app. The primary goal was to enhance the overall user experience, making travel planning easy and enjoyable.</p>\n<h5 class=\"fs-5 fw-medium mt-4\">Key Features</h5>\n<ul>\n    <li>\n        <p class=\"text-dark fw-bold\">User-Centric Interface: <span class=\"text-300 fw-medium\">Designed a clean and intuitive interface that allows users to navigate through the app with ease, ensuring a smooth and enjoyable booking process.</span></p>\n    </li>\n    <li>\n        <p class=\"text-dark fw-bold\">Integrated Search and Booking: <span class=\"text-300 fw-medium\">Developed an integrated search function that enables users to find and book flights, hotels, and car rentals quickly and efficiently.</span></p>\n    </li>\n    <li>\n        <p class=\"text-dark fw-bold\">Personalized Recommendations: <span class=\"text-300 fw-medium\">Implemented a recommendation system that suggests destinations, accommodations, and activities based on user preferences and past behaviors.</span></p>\n    </li>\n    <li>\n        <p class=\"text-dark fw-bold\">\n            Secure Payment Gateway: <span class=\"text-300 fw-medium\">Integrated a secure payment gateway to ensure that all transactions <span class=\"text-dark fw-bold\">are safe and user data is protected.</span></span>\n        </p>\n    </li>\n    <li>\n        <p class=\"text-dark fw-bold\">Interactive Maps: <span class=\"text-300 fw-medium\">Added interactive maps to help users explore destinations, find nearby attractions, and get directions.</span></p>\n    </li>\n</ul>\n<h5 class=\"fs-5 fw-medium mt-4\">Technologies Used</h5>\n<ul>\n    <li>\n        <p class=\"text-dark fw-bold\">Front-End: <span class=\"text-300 fw-medium\">React Native for cross-platform mobile development, ensuring a consistent experience on both iOS and Android devices.</span></p>\n    </li>\n    <li>\n        <p class=\"text-dark fw-bold\">Back-End: <span class=\"text-300 fw-medium\">Node.js and Express for handling server-side logic and database interactions.</span></p>\n    </li>\n    <li>\n        <p class=\"text-dark fw-bold\">Database: <span class=\"text-300 fw-medium\">MongoDB for flexible data storage and retrieval.</span></p>\n    </li>\n    <li>\n        <p class=\"text-dark fw-bold\">APIs: <span class=\"text-300 fw-medium\">Integrated third-party APIs for flight, hotel, and car rental bookings to provide a wide range of options to users.</span></p>\n    </li>\n    <li>\n        <p class=\"text-dark fw-bold\">Payment Integration: <span class=\"text-300 fw-medium\">Stripe API for secure and reliable payment processing.</span></p>\n    </li>\n</ul>\n<h5 class=\"fs-5 fw-medium mt-4\">Design Highlights</h5>\n<ul>\n    <li>\n        <p class=\"text-dark fw-bold\">Visual Appeal: <span class=\"text-300 fw-medium\">Focused on a visually appealing design with high-quality images and a modern color palette to enhance user engagement.</span></p>\n    </li>\n    <li>\n        <p class=\"text-dark fw-bold\">Usability: <span class=\"text-300 fw-medium\">Ensured the app is user-friendly with clear icons, concise labels, and a straightforward navigation structure.</span></p>\n    </li>\n    <li>\n        <p class=\"text-dark fw-bold\">Responsive Design: <span class=\"text-300 fw-medium\">Made the app responsive to different screen sizes and orientations, providing a consistent user experience across various devices.</span></p>\n    </li>\n</ul>\n',NULL,'Tech Startup',1,'main/projects/4.png',NULL,4177,'published','2025-06-25 17:23:09','2025-06-25 17:23:09',NULL,'2023-02-05',0);
/*!40000 ALTER TABLE `pf_projects` ENABLE KEYS */;
UNLOCK TABLES;

--
-- Table structure for table `pf_projects_translations`
--

DROP TABLE IF EXISTS `pf_projects_translations`;
/*!40101 SET @saved_cs_client     = @@character_set_client */;
/*!50503 SET character_set_client = utf8mb4 */;
CREATE TABLE `pf_projects_translations` (
  `lang_code` varchar(191) COLLATE utf8mb4_unicode_ci NOT NULL,
  `pf_projects_id` bigint unsigned NOT NULL,
  `name` varchar(191) COLLATE utf8mb4_unicode_ci NOT NULL,
  `description` varchar(400) COLLATE utf8mb4_unicode_ci DEFAULT NULL,
  `content` longtext COLLATE utf8mb4_unicode_ci
) ENGINE=InnoDB DEFAULT CHARSET=utf8mb4 COLLATE=utf8mb4_unicode_ci;
/*!40101 SET character_set_client = @saved_cs_client */;

--
-- Dumping data for table `pf_projects_translations`
--

LOCK TABLES `pf_projects_translations` WRITE;
/*!40000 ALTER TABLE `pf_projects_translations` DISABLE KEYS */;
/*!40000 ALTER TABLE `pf_projects_translations` ENABLE KEYS */;
UNLOCK TABLES;

--
-- Table structure for table `pf_quotes`
--

DROP TABLE IF EXISTS `pf_quotes`;
/*!40101 SET @saved_cs_client     = @@character_set_client */;
/*!50503 SET character_set_client = utf8mb4 */;
CREATE TABLE `pf_quotes` (
  `id` bigint unsigned NOT NULL AUTO_INCREMENT,
  `name` varchar(191) COLLATE utf8mb4_unicode_ci DEFAULT NULL,
  `email` varchar(191) COLLATE utf8mb4_unicode_ci DEFAULT NULL,
  `message` text COLLATE utf8mb4_unicode_ci NOT NULL,
  `fields` text COLLATE utf8mb4_unicode_ci,
  `status` varchar(191) COLLATE utf8mb4_unicode_ci NOT NULL DEFAULT 'unread',
  `created_at` timestamp NULL DEFAULT NULL,
  `updated_at` timestamp NULL DEFAULT NULL,
  PRIMARY KEY (`id`)
) ENGINE=InnoDB DEFAULT CHARSET=utf8mb4 COLLATE=utf8mb4_unicode_ci;
/*!40101 SET character_set_client = @saved_cs_client */;

--
-- Dumping data for table `pf_quotes`
--

LOCK TABLES `pf_quotes` WRITE;
/*!40000 ALTER TABLE `pf_quotes` DISABLE KEYS */;
/*!40000 ALTER TABLE `pf_quotes` ENABLE KEYS */;
UNLOCK TABLES;

--
-- Table structure for table `pf_service_categories`
--

DROP TABLE IF EXISTS `pf_service_categories`;
/*!40101 SET @saved_cs_client     = @@character_set_client */;
/*!50503 SET character_set_client = utf8mb4 */;
CREATE TABLE `pf_service_categories` (
  `id` bigint unsigned NOT NULL AUTO_INCREMENT,
  `parent_id` bigint unsigned DEFAULT NULL,
  `name` varchar(191) COLLATE utf8mb4_unicode_ci NOT NULL,
  `description` varchar(400) COLLATE utf8mb4_unicode_ci DEFAULT NULL,
  `image` varchar(191) COLLATE utf8mb4_unicode_ci DEFAULT NULL,
  `order` tinyint NOT NULL DEFAULT '0',
  `status` varchar(191) COLLATE utf8mb4_unicode_ci NOT NULL DEFAULT 'published',
  `created_at` timestamp NULL DEFAULT NULL,
  `updated_at` timestamp NULL DEFAULT NULL,
  PRIMARY KEY (`id`),
  KEY `pf_service_categories_parent_id_index` (`parent_id`)
) ENGINE=InnoDB AUTO_INCREMENT=5 DEFAULT CHARSET=utf8mb4 COLLATE=utf8mb4_unicode_ci;
/*!40101 SET character_set_client = @saved_cs_client */;

--
-- Dumping data for table `pf_service_categories`
--

LOCK TABLES `pf_service_categories` WRITE;
/*!40000 ALTER TABLE `pf_service_categories` DISABLE KEYS */;
INSERT INTO `pf_service_categories` VALUES (1,NULL,'Development','All types of software and web development services.',NULL,0,'published','2025-06-25 17:23:08','2025-06-25 17:23:08'),(2,NULL,'Design','Creative and intuitive design solutions for UI/UX and branding.',NULL,0,'published','2025-06-25 17:23:08','2025-06-25 17:23:08'),(3,NULL,'Marketing','Digital marketing services, including SEO, social media, and more.',NULL,0,'published','2025-06-25 17:23:08','2025-06-25 17:23:08'),(4,NULL,'Content','Content creation and management for blogs, websites, and media.',NULL,0,'published','2025-06-25 17:23:08','2025-06-25 17:23:08');
/*!40000 ALTER TABLE `pf_service_categories` ENABLE KEYS */;
UNLOCK TABLES;

--
-- Table structure for table `pf_service_categories_translations`
--

DROP TABLE IF EXISTS `pf_service_categories_translations`;
/*!40101 SET @saved_cs_client     = @@character_set_client */;
/*!50503 SET character_set_client = utf8mb4 */;
CREATE TABLE `pf_service_categories_translations` (
  `lang_code` varchar(191) COLLATE utf8mb4_unicode_ci NOT NULL,
  `pf_service_categories_id` bigint unsigned NOT NULL,
  `name` varchar(255) COLLATE utf8mb4_unicode_ci DEFAULT NULL,
  `description` varchar(400) COLLATE utf8mb4_unicode_ci DEFAULT NULL,
  PRIMARY KEY (`lang_code`,`pf_service_categories_id`)
) ENGINE=InnoDB DEFAULT CHARSET=utf8mb4 COLLATE=utf8mb4_unicode_ci;
/*!40101 SET character_set_client = @saved_cs_client */;

--
-- Dumping data for table `pf_service_categories_translations`
--

LOCK TABLES `pf_service_categories_translations` WRITE;
/*!40000 ALTER TABLE `pf_service_categories_translations` DISABLE KEYS */;
/*!40000 ALTER TABLE `pf_service_categories_translations` ENABLE KEYS */;
UNLOCK TABLES;

--
-- Table structure for table `pf_services`
--

DROP TABLE IF EXISTS `pf_services`;
/*!40101 SET @saved_cs_client     = @@character_set_client */;
/*!50503 SET character_set_client = utf8mb4 */;
CREATE TABLE `pf_services` (
  `id` bigint unsigned NOT NULL AUTO_INCREMENT,
  `category_id` bigint unsigned NOT NULL,
  `name` varchar(191) COLLATE utf8mb4_unicode_ci NOT NULL,
  `description` varchar(400) COLLATE utf8mb4_unicode_ci DEFAULT NULL,
  `content` longtext COLLATE utf8mb4_unicode_ci,
  `is_featured` tinyint(1) NOT NULL DEFAULT '0',
  `image` varchar(191) COLLATE utf8mb4_unicode_ci DEFAULT NULL,
  `images` text COLLATE utf8mb4_unicode_ci,
  `views` int NOT NULL DEFAULT '0',
  `status` varchar(60) COLLATE utf8mb4_unicode_ci NOT NULL DEFAULT 'published',
  `created_at` timestamp NULL DEFAULT NULL,
  `updated_at` timestamp NULL DEFAULT NULL,
  `order` tinyint NOT NULL DEFAULT '0',
  PRIMARY KEY (`id`),
  KEY `pf_services_category_id_index` (`category_id`)
) ENGINE=InnoDB AUTO_INCREMENT=5 DEFAULT CHARSET=utf8mb4 COLLATE=utf8mb4_unicode_ci;
/*!40101 SET character_set_client = @saved_cs_client */;

--
-- Dumping data for table `pf_services`
--

LOCK TABLES `pf_services` WRITE;
/*!40000 ALTER TABLE `pf_services` DISABLE KEYS */;
INSERT INTO `pf_services` VALUES (1,4,'Web Development','Building responsive and modern websites using cutting-edge <br> technologies.','<h5 class=\"fs-5 fw-medium\">Description</h5>\n<p class=\"text-300\">Travila is a comprehensive travel booking app designed to provide users with a seamless and enjoyable booking experience. The project involved creating an intuitive and visually appealing user interface, ensuring that users can effortlessly book flights, hotels, and car rentals all within a single app. The primary goal was to enhance the overall user experience, making travel planning easy and enjoyable.</p>\n<h5 class=\"fs-5 fw-medium mt-4\">Key Features</h5>\n<ul>\n    <li>\n        <p class=\"text-dark fw-bold\">User-Centric Interface: <span class=\"text-300 fw-medium\">Designed a clean and intuitive interface that allows users to navigate through the app with ease, ensuring a smooth and enjoyable booking process.</span></p>\n    </li>\n    <li>\n        <p class=\"text-dark fw-bold\">Integrated Search and Booking: <span class=\"text-300 fw-medium\">Developed an integrated search function that enables users to find and book flights, hotels, and car rentals quickly and efficiently.</span></p>\n    </li>\n    <li>\n        <p class=\"text-dark fw-bold\">Personalized Recommendations: <span class=\"text-300 fw-medium\">Implemented a recommendation system that suggests destinations, accommodations, and activities based on user preferences and past behaviors.</span></p>\n    </li>\n    <li>\n        <p class=\"text-dark fw-bold\">\n            Secure Payment Gateway: <span class=\"text-300 fw-medium\">Integrated a secure payment gateway to ensure that all transactions <span class=\"text-dark fw-bold\">are safe and user data is protected.</span></span>\n        </p>\n    </li>\n    <li>\n        <p class=\"text-dark fw-bold\">Interactive Maps: <span class=\"text-300 fw-medium\">Added interactive maps to help users explore destinations, find nearby attractions, and get directions.</span></p>\n    </li>\n</ul>\n<h5 class=\"fs-5 fw-medium mt-4\">Technologies Used</h5>\n<ul>\n    <li>\n        <p class=\"text-dark fw-bold\">Front-End: <span class=\"text-300 fw-medium\">React Native for cross-platform mobile development, ensuring a consistent experience on both iOS and Android devices.</span></p>\n    </li>\n    <li>\n        <p class=\"text-dark fw-bold\">Back-End: <span class=\"text-300 fw-medium\">Node.js and Express for handling server-side logic and database interactions.</span></p>\n    </li>\n    <li>\n        <p class=\"text-dark fw-bold\">Database: <span class=\"text-300 fw-medium\">MongoDB for flexible data storage and retrieval.</span></p>\n    </li>\n    <li>\n        <p class=\"text-dark fw-bold\">APIs: <span class=\"text-300 fw-medium\">Integrated third-party APIs for flight, hotel, and car rental bookings to provide a wide range of options to users.</span></p>\n    </li>\n    <li>\n        <p class=\"text-dark fw-bold\">Payment Integration: <span class=\"text-300 fw-medium\">Stripe API for secure and reliable payment processing.</span></p>\n    </li>\n</ul>\n<h5 class=\"fs-5 fw-medium mt-4\">Design Highlights</h5>\n<ul>\n    <li>\n        <p class=\"text-dark fw-bold\">Visual Appeal: <span class=\"text-300 fw-medium\">Focused on a visually appealing design with high-quality images and a modern color palette to enhance user engagement.</span></p>\n    </li>\n    <li>\n        <p class=\"text-dark fw-bold\">Usability: <span class=\"text-300 fw-medium\">Ensured the app is user-friendly with clear icons, concise labels, and a straightforward navigation structure.</span></p>\n    </li>\n    <li>\n        <p class=\"text-dark fw-bold\">Responsive Design: <span class=\"text-300 fw-medium\">Made the app responsive to different screen sizes and orientations, providing a consistent user experience across various devices.</span></p>\n    </li>\n</ul>\n',0,'main/services/1.png',NULL,1358,'published','2025-06-25 17:23:09','2025-06-25 17:23:09',0),(2,2,'UI/UX Design','Creating user-centered designs that provide intuitive and <br> engaging user experiences.','<h5 class=\"fs-5 fw-medium\">Description</h5>\n<p class=\"text-300\">Travila is a comprehensive travel booking app designed to provide users with a seamless and enjoyable booking experience. The project involved creating an intuitive and visually appealing user interface, ensuring that users can effortlessly book flights, hotels, and car rentals all within a single app. The primary goal was to enhance the overall user experience, making travel planning easy and enjoyable.</p>\n<h5 class=\"fs-5 fw-medium mt-4\">Key Features</h5>\n<ul>\n    <li>\n        <p class=\"text-dark fw-bold\">User-Centric Interface: <span class=\"text-300 fw-medium\">Designed a clean and intuitive interface that allows users to navigate through the app with ease, ensuring a smooth and enjoyable booking process.</span></p>\n    </li>\n    <li>\n        <p class=\"text-dark fw-bold\">Integrated Search and Booking: <span class=\"text-300 fw-medium\">Developed an integrated search function that enables users to find and book flights, hotels, and car rentals quickly and efficiently.</span></p>\n    </li>\n    <li>\n        <p class=\"text-dark fw-bold\">Personalized Recommendations: <span class=\"text-300 fw-medium\">Implemented a recommendation system that suggests destinations, accommodations, and activities based on user preferences and past behaviors.</span></p>\n    </li>\n    <li>\n        <p class=\"text-dark fw-bold\">\n            Secure Payment Gateway: <span class=\"text-300 fw-medium\">Integrated a secure payment gateway to ensure that all transactions <span class=\"text-dark fw-bold\">are safe and user data is protected.</span></span>\n        </p>\n    </li>\n    <li>\n        <p class=\"text-dark fw-bold\">Interactive Maps: <span class=\"text-300 fw-medium\">Added interactive maps to help users explore destinations, find nearby attractions, and get directions.</span></p>\n    </li>\n</ul>\n<h5 class=\"fs-5 fw-medium mt-4\">Technologies Used</h5>\n<ul>\n    <li>\n        <p class=\"text-dark fw-bold\">Front-End: <span class=\"text-300 fw-medium\">React Native for cross-platform mobile development, ensuring a consistent experience on both iOS and Android devices.</span></p>\n    </li>\n    <li>\n        <p class=\"text-dark fw-bold\">Back-End: <span class=\"text-300 fw-medium\">Node.js and Express for handling server-side logic and database interactions.</span></p>\n    </li>\n    <li>\n        <p class=\"text-dark fw-bold\">Database: <span class=\"text-300 fw-medium\">MongoDB for flexible data storage and retrieval.</span></p>\n    </li>\n    <li>\n        <p class=\"text-dark fw-bold\">APIs: <span class=\"text-300 fw-medium\">Integrated third-party APIs for flight, hotel, and car rental bookings to provide a wide range of options to users.</span></p>\n    </li>\n    <li>\n        <p class=\"text-dark fw-bold\">Payment Integration: <span class=\"text-300 fw-medium\">Stripe API for secure and reliable payment processing.</span></p>\n    </li>\n</ul>\n<h5 class=\"fs-5 fw-medium mt-4\">Design Highlights</h5>\n<ul>\n    <li>\n        <p class=\"text-dark fw-bold\">Visual Appeal: <span class=\"text-300 fw-medium\">Focused on a visually appealing design with high-quality images and a modern color palette to enhance user engagement.</span></p>\n    </li>\n    <li>\n        <p class=\"text-dark fw-bold\">Usability: <span class=\"text-300 fw-medium\">Ensured the app is user-friendly with clear icons, concise labels, and a straightforward navigation structure.</span></p>\n    </li>\n    <li>\n        <p class=\"text-dark fw-bold\">Responsive Design: <span class=\"text-300 fw-medium\">Made the app responsive to different screen sizes and orientations, providing a consistent user experience across various devices.</span></p>\n    </li>\n</ul>\n',0,'main/services/2.png',NULL,2185,'published','2025-06-25 17:23:09','2025-06-25 17:23:09',0),(3,1,'SEO Optimization','Improving website rankings on search engines to drive more <br> organic traffic.','<h5 class=\"fs-5 fw-medium\">Description</h5>\n<p class=\"text-300\">Travila is a comprehensive travel booking app designed to provide users with a seamless and enjoyable booking experience. The project involved creating an intuitive and visually appealing user interface, ensuring that users can effortlessly book flights, hotels, and car rentals all within a single app. The primary goal was to enhance the overall user experience, making travel planning easy and enjoyable.</p>\n<h5 class=\"fs-5 fw-medium mt-4\">Key Features</h5>\n<ul>\n    <li>\n        <p class=\"text-dark fw-bold\">User-Centric Interface: <span class=\"text-300 fw-medium\">Designed a clean and intuitive interface that allows users to navigate through the app with ease, ensuring a smooth and enjoyable booking process.</span></p>\n    </li>\n    <li>\n        <p class=\"text-dark fw-bold\">Integrated Search and Booking: <span class=\"text-300 fw-medium\">Developed an integrated search function that enables users to find and book flights, hotels, and car rentals quickly and efficiently.</span></p>\n    </li>\n    <li>\n        <p class=\"text-dark fw-bold\">Personalized Recommendations: <span class=\"text-300 fw-medium\">Implemented a recommendation system that suggests destinations, accommodations, and activities based on user preferences and past behaviors.</span></p>\n    </li>\n    <li>\n        <p class=\"text-dark fw-bold\">\n            Secure Payment Gateway: <span class=\"text-300 fw-medium\">Integrated a secure payment gateway to ensure that all transactions <span class=\"text-dark fw-bold\">are safe and user data is protected.</span></span>\n        </p>\n    </li>\n    <li>\n        <p class=\"text-dark fw-bold\">Interactive Maps: <span class=\"text-300 fw-medium\">Added interactive maps to help users explore destinations, find nearby attractions, and get directions.</span></p>\n    </li>\n</ul>\n<h5 class=\"fs-5 fw-medium mt-4\">Technologies Used</h5>\n<ul>\n    <li>\n        <p class=\"text-dark fw-bold\">Front-End: <span class=\"text-300 fw-medium\">React Native for cross-platform mobile development, ensuring a consistent experience on both iOS and Android devices.</span></p>\n    </li>\n    <li>\n        <p class=\"text-dark fw-bold\">Back-End: <span class=\"text-300 fw-medium\">Node.js and Express for handling server-side logic and database interactions.</span></p>\n    </li>\n    <li>\n        <p class=\"text-dark fw-bold\">Database: <span class=\"text-300 fw-medium\">MongoDB for flexible data storage and retrieval.</span></p>\n    </li>\n    <li>\n        <p class=\"text-dark fw-bold\">APIs: <span class=\"text-300 fw-medium\">Integrated third-party APIs for flight, hotel, and car rental bookings to provide a wide range of options to users.</span></p>\n    </li>\n    <li>\n        <p class=\"text-dark fw-bold\">Payment Integration: <span class=\"text-300 fw-medium\">Stripe API for secure and reliable payment processing.</span></p>\n    </li>\n</ul>\n<h5 class=\"fs-5 fw-medium mt-4\">Design Highlights</h5>\n<ul>\n    <li>\n        <p class=\"text-dark fw-bold\">Visual Appeal: <span class=\"text-300 fw-medium\">Focused on a visually appealing design with high-quality images and a modern color palette to enhance user engagement.</span></p>\n    </li>\n    <li>\n        <p class=\"text-dark fw-bold\">Usability: <span class=\"text-300 fw-medium\">Ensured the app is user-friendly with clear icons, concise labels, and a straightforward navigation structure.</span></p>\n    </li>\n    <li>\n        <p class=\"text-dark fw-bold\">Responsive Design: <span class=\"text-300 fw-medium\">Made the app responsive to different screen sizes and orientations, providing a consistent user experience across various devices.</span></p>\n    </li>\n</ul>\n',0,'main/services/3.png',NULL,8450,'published','2025-06-25 17:23:09','2025-06-25 17:23:09',0),(4,3,'Content Creation','Providing high-quality content tailored to your business <br> needs.','<h5 class=\"fs-5 fw-medium\">Description</h5>\n<p class=\"text-300\">Travila is a comprehensive travel booking app designed to provide users with a seamless and enjoyable booking experience. The project involved creating an intuitive and visually appealing user interface, ensuring that users can effortlessly book flights, hotels, and car rentals all within a single app. The primary goal was to enhance the overall user experience, making travel planning easy and enjoyable.</p>\n<h5 class=\"fs-5 fw-medium mt-4\">Key Features</h5>\n<ul>\n    <li>\n        <p class=\"text-dark fw-bold\">User-Centric Interface: <span class=\"text-300 fw-medium\">Designed a clean and intuitive interface that allows users to navigate through the app with ease, ensuring a smooth and enjoyable booking process.</span></p>\n    </li>\n    <li>\n        <p class=\"text-dark fw-bold\">Integrated Search and Booking: <span class=\"text-300 fw-medium\">Developed an integrated search function that enables users to find and book flights, hotels, and car rentals quickly and efficiently.</span></p>\n    </li>\n    <li>\n        <p class=\"text-dark fw-bold\">Personalized Recommendations: <span class=\"text-300 fw-medium\">Implemented a recommendation system that suggests destinations, accommodations, and activities based on user preferences and past behaviors.</span></p>\n    </li>\n    <li>\n        <p class=\"text-dark fw-bold\">\n            Secure Payment Gateway: <span class=\"text-300 fw-medium\">Integrated a secure payment gateway to ensure that all transactions <span class=\"text-dark fw-bold\">are safe and user data is protected.</span></span>\n        </p>\n    </li>\n    <li>\n        <p class=\"text-dark fw-bold\">Interactive Maps: <span class=\"text-300 fw-medium\">Added interactive maps to help users explore destinations, find nearby attractions, and get directions.</span></p>\n    </li>\n</ul>\n<h5 class=\"fs-5 fw-medium mt-4\">Technologies Used</h5>\n<ul>\n    <li>\n        <p class=\"text-dark fw-bold\">Front-End: <span class=\"text-300 fw-medium\">React Native for cross-platform mobile development, ensuring a consistent experience on both iOS and Android devices.</span></p>\n    </li>\n    <li>\n        <p class=\"text-dark fw-bold\">Back-End: <span class=\"text-300 fw-medium\">Node.js and Express for handling server-side logic and database interactions.</span></p>\n    </li>\n    <li>\n        <p class=\"text-dark fw-bold\">Database: <span class=\"text-300 fw-medium\">MongoDB for flexible data storage and retrieval.</span></p>\n    </li>\n    <li>\n        <p class=\"text-dark fw-bold\">APIs: <span class=\"text-300 fw-medium\">Integrated third-party APIs for flight, hotel, and car rental bookings to provide a wide range of options to users.</span></p>\n    </li>\n    <li>\n        <p class=\"text-dark fw-bold\">Payment Integration: <span class=\"text-300 fw-medium\">Stripe API for secure and reliable payment processing.</span></p>\n    </li>\n</ul>\n<h5 class=\"fs-5 fw-medium mt-4\">Design Highlights</h5>\n<ul>\n    <li>\n        <p class=\"text-dark fw-bold\">Visual Appeal: <span class=\"text-300 fw-medium\">Focused on a visually appealing design with high-quality images and a modern color palette to enhance user engagement.</span></p>\n    </li>\n    <li>\n        <p class=\"text-dark fw-bold\">Usability: <span class=\"text-300 fw-medium\">Ensured the app is user-friendly with clear icons, concise labels, and a straightforward navigation structure.</span></p>\n    </li>\n    <li>\n        <p class=\"text-dark fw-bold\">Responsive Design: <span class=\"text-300 fw-medium\">Made the app responsive to different screen sizes and orientations, providing a consistent user experience across various devices.</span></p>\n    </li>\n</ul>\n',0,'main/services/4.png',NULL,1499,'published','2025-06-25 17:23:09','2025-06-25 17:23:09',0);
/*!40000 ALTER TABLE `pf_services` ENABLE KEYS */;
UNLOCK TABLES;

--
-- Table structure for table `pf_services_translations`
--

DROP TABLE IF EXISTS `pf_services_translations`;
/*!40101 SET @saved_cs_client     = @@character_set_client */;
/*!50503 SET character_set_client = utf8mb4 */;
CREATE TABLE `pf_services_translations` (
  `lang_code` varchar(191) COLLATE utf8mb4_unicode_ci NOT NULL,
  `pf_services_id` bigint unsigned NOT NULL,
  `name` varchar(255) COLLATE utf8mb4_unicode_ci DEFAULT NULL,
  `description` varchar(400) COLLATE utf8mb4_unicode_ci DEFAULT NULL,
  `content` text COLLATE utf8mb4_unicode_ci,
  PRIMARY KEY (`lang_code`,`pf_services_id`)
) ENGINE=InnoDB DEFAULT CHARSET=utf8mb4 COLLATE=utf8mb4_unicode_ci;
/*!40101 SET character_set_client = @saved_cs_client */;

--
-- Dumping data for table `pf_services_translations`
--

LOCK TABLES `pf_services_translations` WRITE;
/*!40000 ALTER TABLE `pf_services_translations` DISABLE KEYS */;
/*!40000 ALTER TABLE `pf_services_translations` ENABLE KEYS */;
UNLOCK TABLES;

--
-- Table structure for table `post_categories`
--

DROP TABLE IF EXISTS `post_categories`;
/*!40101 SET @saved_cs_client     = @@character_set_client */;
/*!50503 SET character_set_client = utf8mb4 */;
CREATE TABLE `post_categories` (
  `category_id` bigint unsigned NOT NULL,
  `post_id` bigint unsigned NOT NULL,
  KEY `post_categories_category_id_index` (`category_id`),
  KEY `post_categories_post_id_index` (`post_id`)
) ENGINE=InnoDB DEFAULT CHARSET=utf8mb4 COLLATE=utf8mb4_unicode_ci;
/*!40101 SET character_set_client = @saved_cs_client */;

--
-- Dumping data for table `post_categories`
--

LOCK TABLES `post_categories` WRITE;
/*!40000 ALTER TABLE `post_categories` DISABLE KEYS */;
INSERT INTO `post_categories` VALUES (8,1),(3,1),(9,2),(3,2),(8,3),(5,3),(2,4),(9,4),(2,5),(3,6),(9,6),(9,7),(4,7),(9,8),(4,8),(9,9),(9,10),(6,10),(5,11),(6,11),(8,12),(3,12),(8,13),(3,13),(4,14),(5,14),(4,15),(6,15);
/*!40000 ALTER TABLE `post_categories` ENABLE KEYS */;
UNLOCK TABLES;

--
-- Table structure for table `post_tags`
--

DROP TABLE IF EXISTS `post_tags`;
/*!40101 SET @saved_cs_client     = @@character_set_client */;
/*!50503 SET character_set_client = utf8mb4 */;
CREATE TABLE `post_tags` (
  `tag_id` bigint unsigned NOT NULL,
  `post_id` bigint unsigned NOT NULL,
  KEY `post_tags_tag_id_index` (`tag_id`),
  KEY `post_tags_post_id_index` (`post_id`)
) ENGINE=InnoDB DEFAULT CHARSET=utf8mb4 COLLATE=utf8mb4_unicode_ci;
/*!40101 SET character_set_client = @saved_cs_client */;

--
-- Dumping data for table `post_tags`
--

LOCK TABLES `post_tags` WRITE;
/*!40000 ALTER TABLE `post_tags` DISABLE KEYS */;
INSERT INTO `post_tags` VALUES (6,1),(4,1),(3,1),(2,2),(1,2),(6,3),(7,3),(4,4),(7,4),(2,5),(3,5),(3,6),(1,6),(8,6),(1,7),(8,7),(8,8),(4,8),(6,8),(7,9),(2,9),(6,9),(5,10),(2,10),(7,10),(4,11),(5,11),(2,11),(6,12),(1,12),(5,12),(4,13),(3,13),(5,13),(8,14),(2,14),(4,14),(4,15),(8,15),(6,15);
/*!40000 ALTER TABLE `post_tags` ENABLE KEYS */;
UNLOCK TABLES;

--
-- Table structure for table `posts`
--

DROP TABLE IF EXISTS `posts`;
/*!40101 SET @saved_cs_client     = @@character_set_client */;
/*!50503 SET character_set_client = utf8mb4 */;
CREATE TABLE `posts` (
  `id` bigint unsigned NOT NULL AUTO_INCREMENT,
  `name` varchar(191) COLLATE utf8mb4_unicode_ci NOT NULL,
  `description` varchar(400) COLLATE utf8mb4_unicode_ci DEFAULT NULL,
  `content` longtext COLLATE utf8mb4_unicode_ci,
  `status` varchar(60) COLLATE utf8mb4_unicode_ci NOT NULL DEFAULT 'published',
  `author_id` bigint unsigned DEFAULT NULL,
  `author_type` varchar(191) COLLATE utf8mb4_unicode_ci NOT NULL,
  `is_featured` tinyint unsigned NOT NULL DEFAULT '0',
  `image` varchar(191) COLLATE utf8mb4_unicode_ci DEFAULT NULL,
  `views` int unsigned NOT NULL DEFAULT '0',
  `format_type` varchar(30) COLLATE utf8mb4_unicode_ci DEFAULT NULL,
  `created_at` timestamp NULL DEFAULT NULL,
  `updated_at` timestamp NULL DEFAULT NULL,
  PRIMARY KEY (`id`),
  KEY `posts_status_index` (`status`),
  KEY `posts_author_id_index` (`author_id`),
  KEY `posts_author_type_index` (`author_type`),
  KEY `posts_created_at_index` (`created_at`)
) ENGINE=InnoDB AUTO_INCREMENT=16 DEFAULT CHARSET=utf8mb4 COLLATE=utf8mb4_unicode_ci;
/*!40101 SET character_set_client = @saved_cs_client */;

--
-- Dumping data for table `posts`
--

LOCK TABLES `posts` WRITE;
/*!40000 ALTER TABLE `posts` DISABLE KEYS */;
INSERT INTO `posts` VALUES (1,'Building a Full-Stack App with the TALL Stack','Learn how to build a full-stack web application using the TALL stack, integrating Laravel, Alpine.js, Tailwind CSS, and Livewire for dynamic and responsive web development.','<h5>Prioritize User-Centric Design</h5>\n<h5 class=\"fs-5 fw-medium\">Understand Your Users</h5>\n<p class=\"text-300\">Conduct thorough user research to understand your target audiences needs, preferences, and pain points. Use surveys, interviews, and usability testing to gather valuable insights.</p>\n<h5 class=\"fs-5 fw-medium\">Simplify Navigation</h5>\n<p class=\"text-300\">Design a clean and intuitive navigation structure. Ensure users can easily find what theyre looking for without feeling overwhelmed. Use familiar icons and clear labels to guide them.</p>\n<h5 class=\"mt-6\">Optimize Performance</h5>\n<h5 class=\"fs-5 fw-medium\">Fast Loading Times</h5>\n<p class=\"text-300\">Optimize your app to load quickly. Users expect instant gratification, and slow load times can lead to frustration and app abandonment. Use efficient coding practices and minimize the use of heavy graphics.</p>\n<h5 class=\"fs-5 fw-medium\">Smooth Animations</h5>\n<p class=\"text-300\">Ensure animations and transitions are smooth and do not hinder the apps performance. Well-executed animations can enhance the user experience by providing visual feedback and making interactions feel natural.</p>\n<h5 class=\"fs-5 fw-medium\">Offline Access</h5>\n<p class=\"text-300\">Provide offline capabilities for essential features. Allowing users to access certain functionalities without an internet connection can greatly improve their experience, especially in areas with poor connectivity.</p>\n<h5>Ensure Robust Security</h5>\n<h5 class=\"fs-5 fw-medium\">Data Protection</h5>\n<p class=\"text-300\">Implement strong security measures to protect user data. Use encryption, secure authentication methods, and regular security audits to safeguard sensitive information.</p>\n<h5 class=\"fs-5 fw-medium\">Transparent Policies</h5>\n<p class=\"text-300\">Be transparent about your data collection and usage policies. Provide users with clear information about how their data is used and give them control over their privacy settings.</p>\n<h5 class=\"fs-5 fw-medium\">Regular Updates</h5>\n<p class=\"text-300\">Keep your app updated with the latest security patches and improvements. Regular updates not only enhance security but also show users that you are actively maintaining and improving the app.</p>\n\n[highlighted-box title=\"Conclusion\" description=\"Creating a seamless mobile experience requires a user-centric approach, performance optimization, responsive design, user engagement strategies, and robust security measures. By focusing on these key areas, you can build a mobile app that not only meets user expectations but also stands out in the competitive app market. Remember, a great mobile experience can turn users into loyal advocates, driving the success of your app.\"][/highlighted-box]\n','published',1,'Botble\\ACL\\Models\\User',1,'main/posts/9.png',1572,NULL,'2025-01-12 01:24:20','2025-06-25 17:23:08'),(2,'My Journey in Open Source: 3 Years of Contributions','A personal reflection on my experiences contributing to open source projects over the past three years, sharing lessons learned and advice for aspiring contributors.','<h5>Prioritize User-Centric Design</h5>\n<h5 class=\"fs-5 fw-medium\">Understand Your Users</h5>\n<p class=\"text-300\">Conduct thorough user research to understand your target audiences needs, preferences, and pain points. Use surveys, interviews, and usability testing to gather valuable insights.</p>\n<h5 class=\"fs-5 fw-medium\">Simplify Navigation</h5>\n<p class=\"text-300\">Design a clean and intuitive navigation structure. Ensure users can easily find what theyre looking for without feeling overwhelmed. Use familiar icons and clear labels to guide them.</p>\n<h5 class=\"mt-6\">Optimize Performance</h5>\n<h5 class=\"fs-5 fw-medium\">Fast Loading Times</h5>\n<p class=\"text-300\">Optimize your app to load quickly. Users expect instant gratification, and slow load times can lead to frustration and app abandonment. Use efficient coding practices and minimize the use of heavy graphics.</p>\n<h5 class=\"fs-5 fw-medium\">Smooth Animations</h5>\n<p class=\"text-300\">Ensure animations and transitions are smooth and do not hinder the apps performance. Well-executed animations can enhance the user experience by providing visual feedback and making interactions feel natural.</p>\n<h5 class=\"fs-5 fw-medium\">Offline Access</h5>\n<p class=\"text-300\">Provide offline capabilities for essential features. Allowing users to access certain functionalities without an internet connection can greatly improve their experience, especially in areas with poor connectivity.</p>\n<h5>Ensure Robust Security</h5>\n<h5 class=\"fs-5 fw-medium\">Data Protection</h5>\n<p class=\"text-300\">Implement strong security measures to protect user data. Use encryption, secure authentication methods, and regular security audits to safeguard sensitive information.</p>\n<h5 class=\"fs-5 fw-medium\">Transparent Policies</h5>\n<p class=\"text-300\">Be transparent about your data collection and usage policies. Provide users with clear information about how their data is used and give them control over their privacy settings.</p>\n<h5 class=\"fs-5 fw-medium\">Regular Updates</h5>\n<p class=\"text-300\">Keep your app updated with the latest security patches and improvements. Regular updates not only enhance security but also show users that you are actively maintaining and improving the app.</p>\n\n[highlighted-box title=\"Conclusion\" description=\"Creating a seamless mobile experience requires a user-centric approach, performance optimization, responsive design, user engagement strategies, and robust security measures. By focusing on these key areas, you can build a mobile app that not only meets user expectations but also stands out in the competitive app market. Remember, a great mobile experience can turn users into loyal advocates, driving the success of your app.\"][/highlighted-box]\n','published',1,'Botble\\ACL\\Models\\User',0,'main/posts/4.png',2421,NULL,'2025-05-20 20:30:49','2025-06-25 17:23:08'),(3,'5 Essential Tools for Web Developers in 2024','Discover the top 5 tools that are essential for web developers in 2024, from frameworks and libraries to productivity boosters.','<h5>Prioritize User-Centric Design</h5>\n<h5 class=\"fs-5 fw-medium\">Understand Your Users</h5>\n<p class=\"text-300\">Conduct thorough user research to understand your target audiences needs, preferences, and pain points. Use surveys, interviews, and usability testing to gather valuable insights.</p>\n<h5 class=\"fs-5 fw-medium\">Simplify Navigation</h5>\n<p class=\"text-300\">Design a clean and intuitive navigation structure. Ensure users can easily find what theyre looking for without feeling overwhelmed. Use familiar icons and clear labels to guide them.</p>\n<h5 class=\"mt-6\">Optimize Performance</h5>\n<h5 class=\"fs-5 fw-medium\">Fast Loading Times</h5>\n<p class=\"text-300\">Optimize your app to load quickly. Users expect instant gratification, and slow load times can lead to frustration and app abandonment. Use efficient coding practices and minimize the use of heavy graphics.</p>\n<h5 class=\"fs-5 fw-medium\">Smooth Animations</h5>\n<p class=\"text-300\">Ensure animations and transitions are smooth and do not hinder the apps performance. Well-executed animations can enhance the user experience by providing visual feedback and making interactions feel natural.</p>\n<h5 class=\"fs-5 fw-medium\">Offline Access</h5>\n<p class=\"text-300\">Provide offline capabilities for essential features. Allowing users to access certain functionalities without an internet connection can greatly improve their experience, especially in areas with poor connectivity.</p>\n<h5>Ensure Robust Security</h5>\n<h5 class=\"fs-5 fw-medium\">Data Protection</h5>\n<p class=\"text-300\">Implement strong security measures to protect user data. Use encryption, secure authentication methods, and regular security audits to safeguard sensitive information.</p>\n<h5 class=\"fs-5 fw-medium\">Transparent Policies</h5>\n<p class=\"text-300\">Be transparent about your data collection and usage policies. Provide users with clear information about how their data is used and give them control over their privacy settings.</p>\n<h5 class=\"fs-5 fw-medium\">Regular Updates</h5>\n<p class=\"text-300\">Keep your app updated with the latest security patches and improvements. Regular updates not only enhance security but also show users that you are actively maintaining and improving the app.</p>\n\n[highlighted-box title=\"Conclusion\" description=\"Creating a seamless mobile experience requires a user-centric approach, performance optimization, responsive design, user engagement strategies, and robust security measures. By focusing on these key areas, you can build a mobile app that not only meets user expectations but also stands out in the competitive app market. Remember, a great mobile experience can turn users into loyal advocates, driving the success of your app.\"][/highlighted-box]\n','published',1,'Botble\\ACL\\Models\\User',0,'main/posts/1.png',1592,NULL,'2025-03-21 02:26:01','2025-06-25 17:23:08'),(4,'How I Built My Personal Portfolio Using Botble CMS','A detailed walkthrough on how I built my portfolio website using Botble CMS, customizing it with the Zelio template for an impressive online presence.','<h5>Prioritize User-Centric Design</h5>\n<h5 class=\"fs-5 fw-medium\">Understand Your Users</h5>\n<p class=\"text-300\">Conduct thorough user research to understand your target audiences needs, preferences, and pain points. Use surveys, interviews, and usability testing to gather valuable insights.</p>\n<h5 class=\"fs-5 fw-medium\">Simplify Navigation</h5>\n<p class=\"text-300\">Design a clean and intuitive navigation structure. Ensure users can easily find what theyre looking for without feeling overwhelmed. Use familiar icons and clear labels to guide them.</p>\n<h5 class=\"mt-6\">Optimize Performance</h5>\n<h5 class=\"fs-5 fw-medium\">Fast Loading Times</h5>\n<p class=\"text-300\">Optimize your app to load quickly. Users expect instant gratification, and slow load times can lead to frustration and app abandonment. Use efficient coding practices and minimize the use of heavy graphics.</p>\n<h5 class=\"fs-5 fw-medium\">Smooth Animations</h5>\n<p class=\"text-300\">Ensure animations and transitions are smooth and do not hinder the apps performance. Well-executed animations can enhance the user experience by providing visual feedback and making interactions feel natural.</p>\n<h5 class=\"fs-5 fw-medium\">Offline Access</h5>\n<p class=\"text-300\">Provide offline capabilities for essential features. Allowing users to access certain functionalities without an internet connection can greatly improve their experience, especially in areas with poor connectivity.</p>\n<h5>Ensure Robust Security</h5>\n<h5 class=\"fs-5 fw-medium\">Data Protection</h5>\n<p class=\"text-300\">Implement strong security measures to protect user data. Use encryption, secure authentication methods, and regular security audits to safeguard sensitive information.</p>\n<h5 class=\"fs-5 fw-medium\">Transparent Policies</h5>\n<p class=\"text-300\">Be transparent about your data collection and usage policies. Provide users with clear information about how their data is used and give them control over their privacy settings.</p>\n<h5 class=\"fs-5 fw-medium\">Regular Updates</h5>\n<p class=\"text-300\">Keep your app updated with the latest security patches and improvements. Regular updates not only enhance security but also show users that you are actively maintaining and improving the app.</p>\n\n[highlighted-box title=\"Conclusion\" description=\"Creating a seamless mobile experience requires a user-centric approach, performance optimization, responsive design, user engagement strategies, and robust security measures. By focusing on these key areas, you can build a mobile app that not only meets user expectations but also stands out in the competitive app market. Remember, a great mobile experience can turn users into loyal advocates, driving the success of your app.\"][/highlighted-box]\n','published',1,'Botble\\ACL\\Models\\User',1,'main/posts/11.png',545,NULL,'2025-06-25 07:22:30','2025-06-25 17:23:08'),(5,'Creating Responsive UIs with Tailwind CSS','Learn how to create responsive user interfaces quickly and efficiently using the utility-first CSS framework, Tailwind CSS.','<h5>Prioritize User-Centric Design</h5>\n<h5 class=\"fs-5 fw-medium\">Understand Your Users</h5>\n<p class=\"text-300\">Conduct thorough user research to understand your target audiences needs, preferences, and pain points. Use surveys, interviews, and usability testing to gather valuable insights.</p>\n<h5 class=\"fs-5 fw-medium\">Simplify Navigation</h5>\n<p class=\"text-300\">Design a clean and intuitive navigation structure. Ensure users can easily find what theyre looking for without feeling overwhelmed. Use familiar icons and clear labels to guide them.</p>\n<h5 class=\"mt-6\">Optimize Performance</h5>\n<h5 class=\"fs-5 fw-medium\">Fast Loading Times</h5>\n<p class=\"text-300\">Optimize your app to load quickly. Users expect instant gratification, and slow load times can lead to frustration and app abandonment. Use efficient coding practices and minimize the use of heavy graphics.</p>\n<h5 class=\"fs-5 fw-medium\">Smooth Animations</h5>\n<p class=\"text-300\">Ensure animations and transitions are smooth and do not hinder the apps performance. Well-executed animations can enhance the user experience by providing visual feedback and making interactions feel natural.</p>\n<h5 class=\"fs-5 fw-medium\">Offline Access</h5>\n<p class=\"text-300\">Provide offline capabilities for essential features. Allowing users to access certain functionalities without an internet connection can greatly improve their experience, especially in areas with poor connectivity.</p>\n<h5>Ensure Robust Security</h5>\n<h5 class=\"fs-5 fw-medium\">Data Protection</h5>\n<p class=\"text-300\">Implement strong security measures to protect user data. Use encryption, secure authentication methods, and regular security audits to safeguard sensitive information.</p>\n<h5 class=\"fs-5 fw-medium\">Transparent Policies</h5>\n<p class=\"text-300\">Be transparent about your data collection and usage policies. Provide users with clear information about how their data is used and give them control over their privacy settings.</p>\n<h5 class=\"fs-5 fw-medium\">Regular Updates</h5>\n<p class=\"text-300\">Keep your app updated with the latest security patches and improvements. Regular updates not only enhance security but also show users that you are actively maintaining and improving the app.</p>\n\n[highlighted-box title=\"Conclusion\" description=\"Creating a seamless mobile experience requires a user-centric approach, performance optimization, responsive design, user engagement strategies, and robust security measures. By focusing on these key areas, you can build a mobile app that not only meets user expectations but also stands out in the competitive app market. Remember, a great mobile experience can turn users into loyal advocates, driving the success of your app.\"][/highlighted-box]\n','published',1,'Botble\\ACL\\Models\\User',0,'main/posts/12.png',1567,NULL,'2025-05-24 02:30:15','2025-06-25 17:23:08'),(6,'Why I Love Contributing to Open Source Projects','A deep dive into why open source matters to me, how it helped me grow as a developer, and why every developer should contribute to open source.','<h5>Prioritize User-Centric Design</h5>\n<h5 class=\"fs-5 fw-medium\">Understand Your Users</h5>\n<p class=\"text-300\">Conduct thorough user research to understand your target audiences needs, preferences, and pain points. Use surveys, interviews, and usability testing to gather valuable insights.</p>\n<h5 class=\"fs-5 fw-medium\">Simplify Navigation</h5>\n<p class=\"text-300\">Design a clean and intuitive navigation structure. Ensure users can easily find what theyre looking for without feeling overwhelmed. Use familiar icons and clear labels to guide them.</p>\n<h5 class=\"mt-6\">Optimize Performance</h5>\n<h5 class=\"fs-5 fw-medium\">Fast Loading Times</h5>\n<p class=\"text-300\">Optimize your app to load quickly. Users expect instant gratification, and slow load times can lead to frustration and app abandonment. Use efficient coding practices and minimize the use of heavy graphics.</p>\n<h5 class=\"fs-5 fw-medium\">Smooth Animations</h5>\n<p class=\"text-300\">Ensure animations and transitions are smooth and do not hinder the apps performance. Well-executed animations can enhance the user experience by providing visual feedback and making interactions feel natural.</p>\n<h5 class=\"fs-5 fw-medium\">Offline Access</h5>\n<p class=\"text-300\">Provide offline capabilities for essential features. Allowing users to access certain functionalities without an internet connection can greatly improve their experience, especially in areas with poor connectivity.</p>\n<h5>Ensure Robust Security</h5>\n<h5 class=\"fs-5 fw-medium\">Data Protection</h5>\n<p class=\"text-300\">Implement strong security measures to protect user data. Use encryption, secure authentication methods, and regular security audits to safeguard sensitive information.</p>\n<h5 class=\"fs-5 fw-medium\">Transparent Policies</h5>\n<p class=\"text-300\">Be transparent about your data collection and usage policies. Provide users with clear information about how their data is used and give them control over their privacy settings.</p>\n<h5 class=\"fs-5 fw-medium\">Regular Updates</h5>\n<p class=\"text-300\">Keep your app updated with the latest security patches and improvements. Regular updates not only enhance security but also show users that you are actively maintaining and improving the app.</p>\n\n[highlighted-box title=\"Conclusion\" description=\"Creating a seamless mobile experience requires a user-centric approach, performance optimization, responsive design, user engagement strategies, and robust security measures. By focusing on these key areas, you can build a mobile app that not only meets user expectations but also stands out in the competitive app market. Remember, a great mobile experience can turn users into loyal advocates, driving the success of your app.\"][/highlighted-box]\n','published',1,'Botble\\ACL\\Models\\User',0,'main/posts/5.png',1624,NULL,'2024-12-11 08:32:29','2025-06-25 17:23:08'),(7,'A Deep Dive into Laravel for Beginners','A comprehensive guide for beginners who want to learn Laravel, covering everything from installation to building a simple application.','<h5>Prioritize User-Centric Design</h5>\n<h5 class=\"fs-5 fw-medium\">Understand Your Users</h5>\n<p class=\"text-300\">Conduct thorough user research to understand your target audiences needs, preferences, and pain points. Use surveys, interviews, and usability testing to gather valuable insights.</p>\n<h5 class=\"fs-5 fw-medium\">Simplify Navigation</h5>\n<p class=\"text-300\">Design a clean and intuitive navigation structure. Ensure users can easily find what theyre looking for without feeling overwhelmed. Use familiar icons and clear labels to guide them.</p>\n<h5 class=\"mt-6\">Optimize Performance</h5>\n<h5 class=\"fs-5 fw-medium\">Fast Loading Times</h5>\n<p class=\"text-300\">Optimize your app to load quickly. Users expect instant gratification, and slow load times can lead to frustration and app abandonment. Use efficient coding practices and minimize the use of heavy graphics.</p>\n<h5 class=\"fs-5 fw-medium\">Smooth Animations</h5>\n<p class=\"text-300\">Ensure animations and transitions are smooth and do not hinder the apps performance. Well-executed animations can enhance the user experience by providing visual feedback and making interactions feel natural.</p>\n<h5 class=\"fs-5 fw-medium\">Offline Access</h5>\n<p class=\"text-300\">Provide offline capabilities for essential features. Allowing users to access certain functionalities without an internet connection can greatly improve their experience, especially in areas with poor connectivity.</p>\n<h5>Ensure Robust Security</h5>\n<h5 class=\"fs-5 fw-medium\">Data Protection</h5>\n<p class=\"text-300\">Implement strong security measures to protect user data. Use encryption, secure authentication methods, and regular security audits to safeguard sensitive information.</p>\n<h5 class=\"fs-5 fw-medium\">Transparent Policies</h5>\n<p class=\"text-300\">Be transparent about your data collection and usage policies. Provide users with clear information about how their data is used and give them control over their privacy settings.</p>\n<h5 class=\"fs-5 fw-medium\">Regular Updates</h5>\n<p class=\"text-300\">Keep your app updated with the latest security patches and improvements. Regular updates not only enhance security but also show users that you are actively maintaining and improving the app.</p>\n\n[highlighted-box title=\"Conclusion\" description=\"Creating a seamless mobile experience requires a user-centric approach, performance optimization, responsive design, user engagement strategies, and robust security measures. By focusing on these key areas, you can build a mobile app that not only meets user expectations but also stands out in the competitive app market. Remember, a great mobile experience can turn users into loyal advocates, driving the success of your app.\"][/highlighted-box]\n','published',1,'Botble\\ACL\\Models\\User',1,'main/posts/4.png',1504,NULL,'2024-09-12 14:35:44','2025-06-25 17:23:08'),(8,'Exploring the Benefits of MySQL for Large-Scale Projects','An exploration of why MySQL is a great choice for large-scale projects, highlighting features, scalability, and performance tips.','<h5>Prioritize User-Centric Design</h5>\n<h5 class=\"fs-5 fw-medium\">Understand Your Users</h5>\n<p class=\"text-300\">Conduct thorough user research to understand your target audiences needs, preferences, and pain points. Use surveys, interviews, and usability testing to gather valuable insights.</p>\n<h5 class=\"fs-5 fw-medium\">Simplify Navigation</h5>\n<p class=\"text-300\">Design a clean and intuitive navigation structure. Ensure users can easily find what theyre looking for without feeling overwhelmed. Use familiar icons and clear labels to guide them.</p>\n<h5 class=\"mt-6\">Optimize Performance</h5>\n<h5 class=\"fs-5 fw-medium\">Fast Loading Times</h5>\n<p class=\"text-300\">Optimize your app to load quickly. Users expect instant gratification, and slow load times can lead to frustration and app abandonment. Use efficient coding practices and minimize the use of heavy graphics.</p>\n<h5 class=\"fs-5 fw-medium\">Smooth Animations</h5>\n<p class=\"text-300\">Ensure animations and transitions are smooth and do not hinder the apps performance. Well-executed animations can enhance the user experience by providing visual feedback and making interactions feel natural.</p>\n<h5 class=\"fs-5 fw-medium\">Offline Access</h5>\n<p class=\"text-300\">Provide offline capabilities for essential features. Allowing users to access certain functionalities without an internet connection can greatly improve their experience, especially in areas with poor connectivity.</p>\n<h5>Ensure Robust Security</h5>\n<h5 class=\"fs-5 fw-medium\">Data Protection</h5>\n<p class=\"text-300\">Implement strong security measures to protect user data. Use encryption, secure authentication methods, and regular security audits to safeguard sensitive information.</p>\n<h5 class=\"fs-5 fw-medium\">Transparent Policies</h5>\n<p class=\"text-300\">Be transparent about your data collection and usage policies. Provide users with clear information about how their data is used and give them control over their privacy settings.</p>\n<h5 class=\"fs-5 fw-medium\">Regular Updates</h5>\n<p class=\"text-300\">Keep your app updated with the latest security patches and improvements. Regular updates not only enhance security but also show users that you are actively maintaining and improving the app.</p>\n\n[highlighted-box title=\"Conclusion\" description=\"Creating a seamless mobile experience requires a user-centric approach, performance optimization, responsive design, user engagement strategies, and robust security measures. By focusing on these key areas, you can build a mobile app that not only meets user expectations but also stands out in the competitive app market. Remember, a great mobile experience can turn users into loyal advocates, driving the success of your app.\"][/highlighted-box]\n','published',1,'Botble\\ACL\\Models\\User',1,'main/posts/4.png',1009,NULL,'2024-07-20 04:40:54','2025-06-25 17:23:08'),(9,'How to Integrate APIs in Node.js for Your Next Project','Learn how to seamlessly integrate third-party APIs in your Node.js applications for powerful data access and functionality.','<h5>Prioritize User-Centric Design</h5>\n<h5 class=\"fs-5 fw-medium\">Understand Your Users</h5>\n<p class=\"text-300\">Conduct thorough user research to understand your target audiences needs, preferences, and pain points. Use surveys, interviews, and usability testing to gather valuable insights.</p>\n<h5 class=\"fs-5 fw-medium\">Simplify Navigation</h5>\n<p class=\"text-300\">Design a clean and intuitive navigation structure. Ensure users can easily find what theyre looking for without feeling overwhelmed. Use familiar icons and clear labels to guide them.</p>\n<h5 class=\"mt-6\">Optimize Performance</h5>\n<h5 class=\"fs-5 fw-medium\">Fast Loading Times</h5>\n<p class=\"text-300\">Optimize your app to load quickly. Users expect instant gratification, and slow load times can lead to frustration and app abandonment. Use efficient coding practices and minimize the use of heavy graphics.</p>\n<h5 class=\"fs-5 fw-medium\">Smooth Animations</h5>\n<p class=\"text-300\">Ensure animations and transitions are smooth and do not hinder the apps performance. Well-executed animations can enhance the user experience by providing visual feedback and making interactions feel natural.</p>\n<h5 class=\"fs-5 fw-medium\">Offline Access</h5>\n<p class=\"text-300\">Provide offline capabilities for essential features. Allowing users to access certain functionalities without an internet connection can greatly improve their experience, especially in areas with poor connectivity.</p>\n<h5>Ensure Robust Security</h5>\n<h5 class=\"fs-5 fw-medium\">Data Protection</h5>\n<p class=\"text-300\">Implement strong security measures to protect user data. Use encryption, secure authentication methods, and regular security audits to safeguard sensitive information.</p>\n<h5 class=\"fs-5 fw-medium\">Transparent Policies</h5>\n<p class=\"text-300\">Be transparent about your data collection and usage policies. Provide users with clear information about how their data is used and give them control over their privacy settings.</p>\n<h5 class=\"fs-5 fw-medium\">Regular Updates</h5>\n<p class=\"text-300\">Keep your app updated with the latest security patches and improvements. Regular updates not only enhance security but also show users that you are actively maintaining and improving the app.</p>\n\n[highlighted-box title=\"Conclusion\" description=\"Creating a seamless mobile experience requires a user-centric approach, performance optimization, responsive design, user engagement strategies, and robust security measures. By focusing on these key areas, you can build a mobile app that not only meets user expectations but also stands out in the competitive app market. Remember, a great mobile experience can turn users into loyal advocates, driving the success of your app.\"][/highlighted-box]\n','published',1,'Botble\\ACL\\Models\\User',0,'main/posts/10.png',1758,NULL,'2025-01-30 23:25:58','2025-06-25 17:23:08'),(10,'Best Practices for Designing User-Friendly Websites','Discover the best practices for designing websites that are not only aesthetically pleasing but also user-friendly and accessible.','<h5>Prioritize User-Centric Design</h5>\n<h5 class=\"fs-5 fw-medium\">Understand Your Users</h5>\n<p class=\"text-300\">Conduct thorough user research to understand your target audiences needs, preferences, and pain points. Use surveys, interviews, and usability testing to gather valuable insights.</p>\n<h5 class=\"fs-5 fw-medium\">Simplify Navigation</h5>\n<p class=\"text-300\">Design a clean and intuitive navigation structure. Ensure users can easily find what theyre looking for without feeling overwhelmed. Use familiar icons and clear labels to guide them.</p>\n<h5 class=\"mt-6\">Optimize Performance</h5>\n<h5 class=\"fs-5 fw-medium\">Fast Loading Times</h5>\n<p class=\"text-300\">Optimize your app to load quickly. Users expect instant gratification, and slow load times can lead to frustration and app abandonment. Use efficient coding practices and minimize the use of heavy graphics.</p>\n<h5 class=\"fs-5 fw-medium\">Smooth Animations</h5>\n<p class=\"text-300\">Ensure animations and transitions are smooth and do not hinder the apps performance. Well-executed animations can enhance the user experience by providing visual feedback and making interactions feel natural.</p>\n<h5 class=\"fs-5 fw-medium\">Offline Access</h5>\n<p class=\"text-300\">Provide offline capabilities for essential features. Allowing users to access certain functionalities without an internet connection can greatly improve their experience, especially in areas with poor connectivity.</p>\n<h5>Ensure Robust Security</h5>\n<h5 class=\"fs-5 fw-medium\">Data Protection</h5>\n<p class=\"text-300\">Implement strong security measures to protect user data. Use encryption, secure authentication methods, and regular security audits to safeguard sensitive information.</p>\n<h5 class=\"fs-5 fw-medium\">Transparent Policies</h5>\n<p class=\"text-300\">Be transparent about your data collection and usage policies. Provide users with clear information about how their data is used and give them control over their privacy settings.</p>\n<h5 class=\"fs-5 fw-medium\">Regular Updates</h5>\n<p class=\"text-300\">Keep your app updated with the latest security patches and improvements. Regular updates not only enhance security but also show users that you are actively maintaining and improving the app.</p>\n\n[highlighted-box title=\"Conclusion\" description=\"Creating a seamless mobile experience requires a user-centric approach, performance optimization, responsive design, user engagement strategies, and robust security measures. By focusing on these key areas, you can build a mobile app that not only meets user expectations but also stands out in the competitive app market. Remember, a great mobile experience can turn users into loyal advocates, driving the success of your app.\"][/highlighted-box]\n','published',1,'Botble\\ACL\\Models\\User',0,'main/posts/8.png',1118,NULL,'2024-12-16 05:27:44','2025-06-25 17:23:08'),(11,'Lessons from My First Web Development Job','Reflecting on my first web development job, the lessons I learned, the challenges I faced, and how it shaped my career.','<h5>Prioritize User-Centric Design</h5>\n<h5 class=\"fs-5 fw-medium\">Understand Your Users</h5>\n<p class=\"text-300\">Conduct thorough user research to understand your target audiences needs, preferences, and pain points. Use surveys, interviews, and usability testing to gather valuable insights.</p>\n<h5 class=\"fs-5 fw-medium\">Simplify Navigation</h5>\n<p class=\"text-300\">Design a clean and intuitive navigation structure. Ensure users can easily find what theyre looking for without feeling overwhelmed. Use familiar icons and clear labels to guide them.</p>\n<h5 class=\"mt-6\">Optimize Performance</h5>\n<h5 class=\"fs-5 fw-medium\">Fast Loading Times</h5>\n<p class=\"text-300\">Optimize your app to load quickly. Users expect instant gratification, and slow load times can lead to frustration and app abandonment. Use efficient coding practices and minimize the use of heavy graphics.</p>\n<h5 class=\"fs-5 fw-medium\">Smooth Animations</h5>\n<p class=\"text-300\">Ensure animations and transitions are smooth and do not hinder the apps performance. Well-executed animations can enhance the user experience by providing visual feedback and making interactions feel natural.</p>\n<h5 class=\"fs-5 fw-medium\">Offline Access</h5>\n<p class=\"text-300\">Provide offline capabilities for essential features. Allowing users to access certain functionalities without an internet connection can greatly improve their experience, especially in areas with poor connectivity.</p>\n<h5>Ensure Robust Security</h5>\n<h5 class=\"fs-5 fw-medium\">Data Protection</h5>\n<p class=\"text-300\">Implement strong security measures to protect user data. Use encryption, secure authentication methods, and regular security audits to safeguard sensitive information.</p>\n<h5 class=\"fs-5 fw-medium\">Transparent Policies</h5>\n<p class=\"text-300\">Be transparent about your data collection and usage policies. Provide users with clear information about how their data is used and give them control over their privacy settings.</p>\n<h5 class=\"fs-5 fw-medium\">Regular Updates</h5>\n<p class=\"text-300\">Keep your app updated with the latest security patches and improvements. Regular updates not only enhance security but also show users that you are actively maintaining and improving the app.</p>\n\n[highlighted-box title=\"Conclusion\" description=\"Creating a seamless mobile experience requires a user-centric approach, performance optimization, responsive design, user engagement strategies, and robust security measures. By focusing on these key areas, you can build a mobile app that not only meets user expectations but also stands out in the competitive app market. Remember, a great mobile experience can turn users into loyal advocates, driving the success of your app.\"][/highlighted-box]\n','published',1,'Botble\\ACL\\Models\\User',1,'main/posts/1.png',1776,NULL,'2024-07-17 01:13:41','2025-06-25 17:23:08'),(12,'How to Contribute to Open Source: A Beginners Guide','A step-by-step guide on how beginners can start contributing to open source projects, with tips on finding the right project and making meaningful contributions.','<h5>Prioritize User-Centric Design</h5>\n<h5 class=\"fs-5 fw-medium\">Understand Your Users</h5>\n<p class=\"text-300\">Conduct thorough user research to understand your target audiences needs, preferences, and pain points. Use surveys, interviews, and usability testing to gather valuable insights.</p>\n<h5 class=\"fs-5 fw-medium\">Simplify Navigation</h5>\n<p class=\"text-300\">Design a clean and intuitive navigation structure. Ensure users can easily find what theyre looking for without feeling overwhelmed. Use familiar icons and clear labels to guide them.</p>\n<h5 class=\"mt-6\">Optimize Performance</h5>\n<h5 class=\"fs-5 fw-medium\">Fast Loading Times</h5>\n<p class=\"text-300\">Optimize your app to load quickly. Users expect instant gratification, and slow load times can lead to frustration and app abandonment. Use efficient coding practices and minimize the use of heavy graphics.</p>\n<h5 class=\"fs-5 fw-medium\">Smooth Animations</h5>\n<p class=\"text-300\">Ensure animations and transitions are smooth and do not hinder the apps performance. Well-executed animations can enhance the user experience by providing visual feedback and making interactions feel natural.</p>\n<h5 class=\"fs-5 fw-medium\">Offline Access</h5>\n<p class=\"text-300\">Provide offline capabilities for essential features. Allowing users to access certain functionalities without an internet connection can greatly improve their experience, especially in areas with poor connectivity.</p>\n<h5>Ensure Robust Security</h5>\n<h5 class=\"fs-5 fw-medium\">Data Protection</h5>\n<p class=\"text-300\">Implement strong security measures to protect user data. Use encryption, secure authentication methods, and regular security audits to safeguard sensitive information.</p>\n<h5 class=\"fs-5 fw-medium\">Transparent Policies</h5>\n<p class=\"text-300\">Be transparent about your data collection and usage policies. Provide users with clear information about how their data is used and give them control over their privacy settings.</p>\n<h5 class=\"fs-5 fw-medium\">Regular Updates</h5>\n<p class=\"text-300\">Keep your app updated with the latest security patches and improvements. Regular updates not only enhance security but also show users that you are actively maintaining and improving the app.</p>\n\n[highlighted-box title=\"Conclusion\" description=\"Creating a seamless mobile experience requires a user-centric approach, performance optimization, responsive design, user engagement strategies, and robust security measures. By focusing on these key areas, you can build a mobile app that not only meets user expectations but also stands out in the competitive app market. Remember, a great mobile experience can turn users into loyal advocates, driving the success of your app.\"][/highlighted-box]\n','published',1,'Botble\\ACL\\Models\\User',0,'main/posts/9.png',1285,NULL,'2025-04-11 13:12:18','2025-06-25 17:23:08'),(13,'Optimizing Web Performance with React.js','Learn how to optimize your React.js applications for better performance, focusing on code splitting, lazy loading, and efficient state management.','<h5>Prioritize User-Centric Design</h5>\n<h5 class=\"fs-5 fw-medium\">Understand Your Users</h5>\n<p class=\"text-300\">Conduct thorough user research to understand your target audiences needs, preferences, and pain points. Use surveys, interviews, and usability testing to gather valuable insights.</p>\n<h5 class=\"fs-5 fw-medium\">Simplify Navigation</h5>\n<p class=\"text-300\">Design a clean and intuitive navigation structure. Ensure users can easily find what theyre looking for without feeling overwhelmed. Use familiar icons and clear labels to guide them.</p>\n<h5 class=\"mt-6\">Optimize Performance</h5>\n<h5 class=\"fs-5 fw-medium\">Fast Loading Times</h5>\n<p class=\"text-300\">Optimize your app to load quickly. Users expect instant gratification, and slow load times can lead to frustration and app abandonment. Use efficient coding practices and minimize the use of heavy graphics.</p>\n<h5 class=\"fs-5 fw-medium\">Smooth Animations</h5>\n<p class=\"text-300\">Ensure animations and transitions are smooth and do not hinder the apps performance. Well-executed animations can enhance the user experience by providing visual feedback and making interactions feel natural.</p>\n<h5 class=\"fs-5 fw-medium\">Offline Access</h5>\n<p class=\"text-300\">Provide offline capabilities for essential features. Allowing users to access certain functionalities without an internet connection can greatly improve their experience, especially in areas with poor connectivity.</p>\n<h5>Ensure Robust Security</h5>\n<h5 class=\"fs-5 fw-medium\">Data Protection</h5>\n<p class=\"text-300\">Implement strong security measures to protect user data. Use encryption, secure authentication methods, and regular security audits to safeguard sensitive information.</p>\n<h5 class=\"fs-5 fw-medium\">Transparent Policies</h5>\n<p class=\"text-300\">Be transparent about your data collection and usage policies. Provide users with clear information about how their data is used and give them control over their privacy settings.</p>\n<h5 class=\"fs-5 fw-medium\">Regular Updates</h5>\n<p class=\"text-300\">Keep your app updated with the latest security patches and improvements. Regular updates not only enhance security but also show users that you are actively maintaining and improving the app.</p>\n\n[highlighted-box title=\"Conclusion\" description=\"Creating a seamless mobile experience requires a user-centric approach, performance optimization, responsive design, user engagement strategies, and robust security measures. By focusing on these key areas, you can build a mobile app that not only meets user expectations but also stands out in the competitive app market. Remember, a great mobile experience can turn users into loyal advocates, driving the success of your app.\"][/highlighted-box]\n','published',1,'Botble\\ACL\\Models\\User',1,'main/posts/5.png',1306,NULL,'2024-12-16 03:55:54','2025-06-25 17:23:08'),(14,'My Top 5 GitHub Projects','An overview of my top 5 GitHub projects, showcasing what Ive built and how theyve helped me grow as a developer.','<h5>Prioritize User-Centric Design</h5>\n<h5 class=\"fs-5 fw-medium\">Understand Your Users</h5>\n<p class=\"text-300\">Conduct thorough user research to understand your target audiences needs, preferences, and pain points. Use surveys, interviews, and usability testing to gather valuable insights.</p>\n<h5 class=\"fs-5 fw-medium\">Simplify Navigation</h5>\n<p class=\"text-300\">Design a clean and intuitive navigation structure. Ensure users can easily find what theyre looking for without feeling overwhelmed. Use familiar icons and clear labels to guide them.</p>\n<h5 class=\"mt-6\">Optimize Performance</h5>\n<h5 class=\"fs-5 fw-medium\">Fast Loading Times</h5>\n<p class=\"text-300\">Optimize your app to load quickly. Users expect instant gratification, and slow load times can lead to frustration and app abandonment. Use efficient coding practices and minimize the use of heavy graphics.</p>\n<h5 class=\"fs-5 fw-medium\">Smooth Animations</h5>\n<p class=\"text-300\">Ensure animations and transitions are smooth and do not hinder the apps performance. Well-executed animations can enhance the user experience by providing visual feedback and making interactions feel natural.</p>\n<h5 class=\"fs-5 fw-medium\">Offline Access</h5>\n<p class=\"text-300\">Provide offline capabilities for essential features. Allowing users to access certain functionalities without an internet connection can greatly improve their experience, especially in areas with poor connectivity.</p>\n<h5>Ensure Robust Security</h5>\n<h5 class=\"fs-5 fw-medium\">Data Protection</h5>\n<p class=\"text-300\">Implement strong security measures to protect user data. Use encryption, secure authentication methods, and regular security audits to safeguard sensitive information.</p>\n<h5 class=\"fs-5 fw-medium\">Transparent Policies</h5>\n<p class=\"text-300\">Be transparent about your data collection and usage policies. Provide users with clear information about how their data is used and give them control over their privacy settings.</p>\n<h5 class=\"fs-5 fw-medium\">Regular Updates</h5>\n<p class=\"text-300\">Keep your app updated with the latest security patches and improvements. Regular updates not only enhance security but also show users that you are actively maintaining and improving the app.</p>\n\n[highlighted-box title=\"Conclusion\" description=\"Creating a seamless mobile experience requires a user-centric approach, performance optimization, responsive design, user engagement strategies, and robust security measures. By focusing on these key areas, you can build a mobile app that not only meets user expectations but also stands out in the competitive app market. Remember, a great mobile experience can turn users into loyal advocates, driving the success of your app.\"][/highlighted-box]\n','published',1,'Botble\\ACL\\Models\\User',0,'main/posts/3.png',1064,NULL,'2024-11-11 06:29:47','2025-06-25 17:23:08'),(15,'Adapting to the New Web Development Trends in 2024','A look at the latest trends in web development for 2024, including new technologies, best practices, and what the future holds for developers.','<h5>Prioritize User-Centric Design</h5>\n<h5 class=\"fs-5 fw-medium\">Understand Your Users</h5>\n<p class=\"text-300\">Conduct thorough user research to understand your target audiences needs, preferences, and pain points. Use surveys, interviews, and usability testing to gather valuable insights.</p>\n<h5 class=\"fs-5 fw-medium\">Simplify Navigation</h5>\n<p class=\"text-300\">Design a clean and intuitive navigation structure. Ensure users can easily find what theyre looking for without feeling overwhelmed. Use familiar icons and clear labels to guide them.</p>\n<h5 class=\"mt-6\">Optimize Performance</h5>\n<h5 class=\"fs-5 fw-medium\">Fast Loading Times</h5>\n<p class=\"text-300\">Optimize your app to load quickly. Users expect instant gratification, and slow load times can lead to frustration and app abandonment. Use efficient coding practices and minimize the use of heavy graphics.</p>\n<h5 class=\"fs-5 fw-medium\">Smooth Animations</h5>\n<p class=\"text-300\">Ensure animations and transitions are smooth and do not hinder the apps performance. Well-executed animations can enhance the user experience by providing visual feedback and making interactions feel natural.</p>\n<h5 class=\"fs-5 fw-medium\">Offline Access</h5>\n<p class=\"text-300\">Provide offline capabilities for essential features. Allowing users to access certain functionalities without an internet connection can greatly improve their experience, especially in areas with poor connectivity.</p>\n<h5>Ensure Robust Security</h5>\n<h5 class=\"fs-5 fw-medium\">Data Protection</h5>\n<p class=\"text-300\">Implement strong security measures to protect user data. Use encryption, secure authentication methods, and regular security audits to safeguard sensitive information.</p>\n<h5 class=\"fs-5 fw-medium\">Transparent Policies</h5>\n<p class=\"text-300\">Be transparent about your data collection and usage policies. Provide users with clear information about how their data is used and give them control over their privacy settings.</p>\n<h5 class=\"fs-5 fw-medium\">Regular Updates</h5>\n<p class=\"text-300\">Keep your app updated with the latest security patches and improvements. Regular updates not only enhance security but also show users that you are actively maintaining and improving the app.</p>\n\n[highlighted-box title=\"Conclusion\" description=\"Creating a seamless mobile experience requires a user-centric approach, performance optimization, responsive design, user engagement strategies, and robust security measures. By focusing on these key areas, you can build a mobile app that not only meets user expectations but also stands out in the competitive app market. Remember, a great mobile experience can turn users into loyal advocates, driving the success of your app.\"][/highlighted-box]\n','published',1,'Botble\\ACL\\Models\\User',1,'main/posts/11.png',1714,NULL,'2025-03-12 18:59:47','2025-06-25 17:23:08');
/*!40000 ALTER TABLE `posts` ENABLE KEYS */;
UNLOCK TABLES;

--
-- Table structure for table `posts_translations`
--

DROP TABLE IF EXISTS `posts_translations`;
/*!40101 SET @saved_cs_client     = @@character_set_client */;
/*!50503 SET character_set_client = utf8mb4 */;
CREATE TABLE `posts_translations` (
  `lang_code` varchar(20) COLLATE utf8mb4_unicode_ci NOT NULL,
  `posts_id` bigint unsigned NOT NULL,
  `name` varchar(191) COLLATE utf8mb4_unicode_ci DEFAULT NULL,
  `description` varchar(400) COLLATE utf8mb4_unicode_ci DEFAULT NULL,
  `content` longtext COLLATE utf8mb4_unicode_ci,
  PRIMARY KEY (`lang_code`,`posts_id`)
) ENGINE=InnoDB DEFAULT CHARSET=utf8mb4 COLLATE=utf8mb4_unicode_ci;
/*!40101 SET character_set_client = @saved_cs_client */;

--
-- Dumping data for table `posts_translations`
--

LOCK TABLES `posts_translations` WRITE;
/*!40000 ALTER TABLE `posts_translations` DISABLE KEYS */;
/*!40000 ALTER TABLE `posts_translations` ENABLE KEYS */;
UNLOCK TABLES;

--
-- Table structure for table `push_notification_recipients`
--

DROP TABLE IF EXISTS `push_notification_recipients`;
/*!40101 SET @saved_cs_client     = @@character_set_client */;
/*!50503 SET character_set_client = utf8mb4 */;
CREATE TABLE `push_notification_recipients` (
  `id` bigint unsigned NOT NULL AUTO_INCREMENT,
  `push_notification_id` bigint unsigned NOT NULL,
  `user_type` varchar(191) COLLATE utf8mb4_unicode_ci NOT NULL,
  `user_id` bigint unsigned NOT NULL,
  `device_token` varchar(191) COLLATE utf8mb4_unicode_ci DEFAULT NULL,
  `platform` varchar(191) COLLATE utf8mb4_unicode_ci DEFAULT NULL,
  `status` varchar(191) COLLATE utf8mb4_unicode_ci NOT NULL DEFAULT 'sent',
  `sent_at` timestamp NULL DEFAULT NULL,
  `delivered_at` timestamp NULL DEFAULT NULL,
  `read_at` timestamp NULL DEFAULT NULL,
  `clicked_at` timestamp NULL DEFAULT NULL,
  `fcm_response` json DEFAULT NULL,
  `error_message` varchar(191) COLLATE utf8mb4_unicode_ci DEFAULT NULL,
  `created_at` timestamp NULL DEFAULT NULL,
  `updated_at` timestamp NULL DEFAULT NULL,
  PRIMARY KEY (`id`),
  KEY `pnr_notification_user_index` (`push_notification_id`,`user_type`,`user_id`),
  KEY `pnr_user_status_index` (`user_type`,`user_id`,`status`),
  KEY `pnr_user_read_index` (`user_type`,`user_id`,`read_at`),
  KEY `pnr_status_index` (`status`),
  CONSTRAINT `push_notification_recipients_push_notification_id_foreign` FOREIGN KEY (`push_notification_id`) REFERENCES `push_notifications` (`id`) ON DELETE CASCADE
) ENGINE=InnoDB DEFAULT CHARSET=utf8mb4 COLLATE=utf8mb4_unicode_ci;
/*!40101 SET character_set_client = @saved_cs_client */;

--
-- Dumping data for table `push_notification_recipients`
--

LOCK TABLES `push_notification_recipients` WRITE;
/*!40000 ALTER TABLE `push_notification_recipients` DISABLE KEYS */;
/*!40000 ALTER TABLE `push_notification_recipients` ENABLE KEYS */;
UNLOCK TABLES;

--
-- Table structure for table `push_notifications`
--

DROP TABLE IF EXISTS `push_notifications`;
/*!40101 SET @saved_cs_client     = @@character_set_client */;
/*!50503 SET character_set_client = utf8mb4 */;
CREATE TABLE `push_notifications` (
  `id` bigint unsigned NOT NULL AUTO_INCREMENT,
  `title` varchar(191) COLLATE utf8mb4_unicode_ci NOT NULL,
  `message` text COLLATE utf8mb4_unicode_ci NOT NULL,
  `type` varchar(191) COLLATE utf8mb4_unicode_ci NOT NULL DEFAULT 'general',
  `target_type` varchar(191) COLLATE utf8mb4_unicode_ci DEFAULT NULL,
  `target_value` varchar(191) COLLATE utf8mb4_unicode_ci DEFAULT NULL,
  `action_url` varchar(191) COLLATE utf8mb4_unicode_ci DEFAULT NULL,
  `image_url` varchar(191) COLLATE utf8mb4_unicode_ci DEFAULT NULL,
  `data` json DEFAULT NULL,
  `status` varchar(191) COLLATE utf8mb4_unicode_ci NOT NULL DEFAULT 'sent',
  `sent_count` int NOT NULL DEFAULT '0',
  `failed_count` int NOT NULL DEFAULT '0',
  `delivered_count` int NOT NULL DEFAULT '0',
  `read_count` int NOT NULL DEFAULT '0',
  `scheduled_at` timestamp NULL DEFAULT NULL,
  `sent_at` timestamp NULL DEFAULT NULL,
  `created_by` bigint unsigned DEFAULT NULL,
  `created_at` timestamp NULL DEFAULT NULL,
  `updated_at` timestamp NULL DEFAULT NULL,
  PRIMARY KEY (`id`),
  KEY `push_notifications_type_created_at_index` (`type`,`created_at`),
  KEY `push_notifications_status_scheduled_at_index` (`status`,`scheduled_at`),
  KEY `push_notifications_created_by_index` (`created_by`)
) ENGINE=InnoDB DEFAULT CHARSET=utf8mb4 COLLATE=utf8mb4_unicode_ci;
/*!40101 SET character_set_client = @saved_cs_client */;

--
-- Dumping data for table `push_notifications`
--

LOCK TABLES `push_notifications` WRITE;
/*!40000 ALTER TABLE `push_notifications` DISABLE KEYS */;
/*!40000 ALTER TABLE `push_notifications` ENABLE KEYS */;
UNLOCK TABLES;

--
-- Table structure for table `request_logs`
--

DROP TABLE IF EXISTS `request_logs`;
/*!40101 SET @saved_cs_client     = @@character_set_client */;
/*!50503 SET character_set_client = utf8mb4 */;
CREATE TABLE `request_logs` (
  `id` bigint unsigned NOT NULL AUTO_INCREMENT,
  `status_code` int DEFAULT NULL,
  `url` varchar(191) COLLATE utf8mb4_unicode_ci DEFAULT NULL,
  `count` int unsigned NOT NULL DEFAULT '0',
  `user_id` varchar(191) COLLATE utf8mb4_unicode_ci DEFAULT NULL,
  `referrer` text COLLATE utf8mb4_unicode_ci,
  `created_at` timestamp NULL DEFAULT NULL,
  `updated_at` timestamp NULL DEFAULT NULL,
  PRIMARY KEY (`id`)
) ENGINE=InnoDB DEFAULT CHARSET=utf8mb4 COLLATE=utf8mb4_unicode_ci;
/*!40101 SET character_set_client = @saved_cs_client */;

--
-- Dumping data for table `request_logs`
--

LOCK TABLES `request_logs` WRITE;
/*!40000 ALTER TABLE `request_logs` DISABLE KEYS */;
/*!40000 ALTER TABLE `request_logs` ENABLE KEYS */;
UNLOCK TABLES;

--
-- Table structure for table `revisions`
--

DROP TABLE IF EXISTS `revisions`;
/*!40101 SET @saved_cs_client     = @@character_set_client */;
/*!50503 SET character_set_client = utf8mb4 */;
CREATE TABLE `revisions` (
  `id` bigint unsigned NOT NULL AUTO_INCREMENT,
  `revisionable_type` varchar(191) COLLATE utf8mb4_unicode_ci NOT NULL,
  `revisionable_id` bigint unsigned NOT NULL,
  `user_id` bigint unsigned DEFAULT NULL,
  `key` varchar(120) COLLATE utf8mb4_unicode_ci NOT NULL,
  `old_value` text COLLATE utf8mb4_unicode_ci,
  `new_value` text COLLATE utf8mb4_unicode_ci,
  `created_at` timestamp NULL DEFAULT NULL,
  `updated_at` timestamp NULL DEFAULT NULL,
  PRIMARY KEY (`id`),
  KEY `revisions_revisionable_id_revisionable_type_index` (`revisionable_id`,`revisionable_type`)
) ENGINE=InnoDB DEFAULT CHARSET=utf8mb4 COLLATE=utf8mb4_unicode_ci;
/*!40101 SET character_set_client = @saved_cs_client */;

--
-- Dumping data for table `revisions`
--

LOCK TABLES `revisions` WRITE;
/*!40000 ALTER TABLE `revisions` DISABLE KEYS */;
/*!40000 ALTER TABLE `revisions` ENABLE KEYS */;
UNLOCK TABLES;

--
-- Table structure for table `role_users`
--

DROP TABLE IF EXISTS `role_users`;
/*!40101 SET @saved_cs_client     = @@character_set_client */;
/*!50503 SET character_set_client = utf8mb4 */;
CREATE TABLE `role_users` (
  `user_id` bigint unsigned NOT NULL,
  `role_id` bigint unsigned NOT NULL,
  `created_at` timestamp NULL DEFAULT NULL,
  `updated_at` timestamp NULL DEFAULT NULL,
  PRIMARY KEY (`user_id`,`role_id`),
  KEY `role_users_user_id_index` (`user_id`),
  KEY `role_users_role_id_index` (`role_id`)
) ENGINE=InnoDB DEFAULT CHARSET=utf8mb4 COLLATE=utf8mb4_unicode_ci;
/*!40101 SET character_set_client = @saved_cs_client */;

--
-- Dumping data for table `role_users`
--

LOCK TABLES `role_users` WRITE;
/*!40000 ALTER TABLE `role_users` DISABLE KEYS */;
/*!40000 ALTER TABLE `role_users` ENABLE KEYS */;
UNLOCK TABLES;

--
-- Table structure for table `roles`
--

DROP TABLE IF EXISTS `roles`;
/*!40101 SET @saved_cs_client     = @@character_set_client */;
/*!50503 SET character_set_client = utf8mb4 */;
CREATE TABLE `roles` (
  `id` bigint unsigned NOT NULL AUTO_INCREMENT,
  `slug` varchar(120) COLLATE utf8mb4_unicode_ci NOT NULL,
  `name` varchar(120) COLLATE utf8mb4_unicode_ci NOT NULL,
  `permissions` text COLLATE utf8mb4_unicode_ci,
  `description` varchar(400) COLLATE utf8mb4_unicode_ci DEFAULT NULL,
  `is_default` tinyint unsigned NOT NULL DEFAULT '0',
  `created_by` bigint unsigned NOT NULL,
  `updated_by` bigint unsigned NOT NULL,
  `created_at` timestamp NULL DEFAULT NULL,
  `updated_at` timestamp NULL DEFAULT NULL,
  PRIMARY KEY (`id`),
  UNIQUE KEY `roles_slug_unique` (`slug`),
  KEY `roles_created_by_index` (`created_by`),
  KEY `roles_updated_by_index` (`updated_by`)
) ENGINE=InnoDB AUTO_INCREMENT=2 DEFAULT CHARSET=utf8mb4 COLLATE=utf8mb4_unicode_ci;
/*!40101 SET character_set_client = @saved_cs_client */;

--
-- Dumping data for table `roles`
--

LOCK TABLES `roles` WRITE;
/*!40000 ALTER TABLE `roles` DISABLE KEYS */;
INSERT INTO `roles` VALUES (1,'admin','Admin','{\"users.index\":true,\"users.create\":true,\"users.edit\":true,\"users.destroy\":true,\"roles.index\":true,\"roles.create\":true,\"roles.edit\":true,\"roles.destroy\":true,\"core.system\":true,\"core.cms\":true,\"core.manage.license\":true,\"systems.cronjob\":true,\"core.tools\":true,\"tools.data-synchronize\":true,\"media.index\":true,\"files.index\":true,\"files.create\":true,\"files.edit\":true,\"files.trash\":true,\"files.destroy\":true,\"folders.index\":true,\"folders.create\":true,\"folders.edit\":true,\"folders.trash\":true,\"folders.destroy\":true,\"settings.index\":true,\"settings.common\":true,\"settings.options\":true,\"settings.email\":true,\"settings.media\":true,\"settings.admin-appearance\":true,\"settings.cache\":true,\"settings.datatables\":true,\"settings.email.rules\":true,\"settings.others\":true,\"menus.index\":true,\"menus.create\":true,\"menus.edit\":true,\"menus.destroy\":true,\"optimize.settings\":true,\"pages.index\":true,\"pages.create\":true,\"pages.edit\":true,\"pages.destroy\":true,\"plugins.index\":true,\"plugins.edit\":true,\"plugins.remove\":true,\"plugins.marketplace\":true,\"sitemap.settings\":true,\"core.appearance\":true,\"theme.index\":true,\"theme.activate\":true,\"theme.remove\":true,\"theme.options\":true,\"theme.custom-css\":true,\"theme.custom-js\":true,\"theme.custom-html\":true,\"theme.robots-txt\":true,\"settings.website-tracking\":true,\"widgets.index\":true,\"analytics.general\":true,\"analytics.page\":true,\"analytics.browser\":true,\"analytics.referrer\":true,\"analytics.settings\":true,\"announcements.index\":true,\"announcements.create\":true,\"announcements.edit\":true,\"announcements.destroy\":true,\"announcements.settings\":true,\"audit-log.index\":true,\"audit-log.destroy\":true,\"backups.index\":true,\"backups.create\":true,\"backups.restore\":true,\"backups.destroy\":true,\"plugins.blog\":true,\"posts.index\":true,\"posts.create\":true,\"posts.edit\":true,\"posts.destroy\":true,\"categories.index\":true,\"categories.create\":true,\"categories.edit\":true,\"categories.destroy\":true,\"tags.index\":true,\"tags.create\":true,\"tags.edit\":true,\"tags.destroy\":true,\"blog.settings\":true,\"posts.export\":true,\"posts.import\":true,\"captcha.settings\":true,\"contacts.index\":true,\"contacts.edit\":true,\"contacts.destroy\":true,\"contact.custom-fields\":true,\"contact.settings\":true,\"plugin.faq\":true,\"faq.index\":true,\"faq.create\":true,\"faq.edit\":true,\"faq.destroy\":true,\"faq_category.index\":true,\"faq_category.create\":true,\"faq_category.edit\":true,\"faq_category.destroy\":true,\"faqs.settings\":true,\"fob-comment.index\":true,\"fob-comment.comments.index\":true,\"fob-comment.comments.edit\":true,\"fob-comment.comments.destroy\":true,\"fob-comment.comments.reply\":true,\"fob-comment.settings\":true,\"galleries.index\":true,\"galleries.create\":true,\"galleries.edit\":true,\"galleries.destroy\":true,\"languages.index\":true,\"languages.create\":true,\"languages.edit\":true,\"languages.destroy\":true,\"translations.import\":true,\"translations.export\":true,\"property-translations.import\":true,\"property-translations.export\":true,\"newsletter.index\":true,\"newsletter.destroy\":true,\"newsletter.settings\":true,\"plugins.portfolio\":true,\"portfolio.projects.index\":true,\"portfolio.projects.create\":true,\"portfolio.projects.edit\":true,\"portfolio.projects.destroy\":true,\"portfolio.service-categories.index\":true,\"portfolio.service-categories.create\":true,\"portfolio.service-categories.edit\":true,\"portfolio.service-categories.destroy\":true,\"portfolio.services.index\":true,\"portfolio.services.create\":true,\"portfolio.services.edit\":true,\"portfolio.services.destroy\":true,\"portfolio.packages.index\":true,\"portfolio.packages.create\":true,\"portfolio.packages.edit\":true,\"portfolio.packages.destroy\":true,\"portfolio.quotation-requests.index\":true,\"portfolio.quotation-requests.create\":true,\"portfolio.quotation-requests.edit\":true,\"portfolio.quotation-requests.destroy\":true,\"portfolio.custom-fields.index\":true,\"portfolio.custom-fields.create\":true,\"portfolio.custom-fields.edit\":true,\"portfolio.custom-fields.destroy\":true,\"request-log.index\":true,\"request-log.destroy\":true,\"testimonial.index\":true,\"testimonial.create\":true,\"testimonial.edit\":true,\"testimonial.destroy\":true,\"plugins.translation\":true,\"translations.locales\":true,\"translations.theme-translations\":true,\"translations.index\":true,\"theme-translations.export\":true,\"other-translations.export\":true,\"theme-translations.import\":true,\"other-translations.import\":true,\"api.settings\":true,\"api.sanctum-token.index\":true,\"api.sanctum-token.create\":true,\"api.sanctum-token.destroy\":true}','Admin users role',1,1,1,'2025-06-25 17:23:06','2025-06-25 17:23:06');
/*!40000 ALTER TABLE `roles` ENABLE KEYS */;
UNLOCK TABLES;

--
-- Table structure for table `sessions`
--

DROP TABLE IF EXISTS `sessions`;
/*!40101 SET @saved_cs_client     = @@character_set_client */;
/*!50503 SET character_set_client = utf8mb4 */;
CREATE TABLE `sessions` (
  `id` varchar(191) COLLATE utf8mb4_unicode_ci NOT NULL,
  `user_id` bigint unsigned DEFAULT NULL,
  `ip_address` varchar(45) COLLATE utf8mb4_unicode_ci DEFAULT NULL,
  `user_agent` text COLLATE utf8mb4_unicode_ci,
  `payload` longtext COLLATE utf8mb4_unicode_ci NOT NULL,
  `last_activity` int NOT NULL,
  PRIMARY KEY (`id`),
  KEY `sessions_user_id_index` (`user_id`),
  KEY `sessions_last_activity_index` (`last_activity`)
) ENGINE=InnoDB DEFAULT CHARSET=utf8mb4 COLLATE=utf8mb4_unicode_ci;
/*!40101 SET character_set_client = @saved_cs_client */;

--
-- Dumping data for table `sessions`
--

LOCK TABLES `sessions` WRITE;
/*!40000 ALTER TABLE `sessions` DISABLE KEYS */;
/*!40000 ALTER TABLE `sessions` ENABLE KEYS */;
UNLOCK TABLES;

--
-- Table structure for table `settings`
--

DROP TABLE IF EXISTS `settings`;
/*!40101 SET @saved_cs_client     = @@character_set_client */;
/*!50503 SET character_set_client = utf8mb4 */;
CREATE TABLE `settings` (
  `id` bigint unsigned NOT NULL AUTO_INCREMENT,
  `key` varchar(191) COLLATE utf8mb4_unicode_ci NOT NULL,
  `value` text COLLATE utf8mb4_unicode_ci,
  `created_at` timestamp NULL DEFAULT NULL,
  `updated_at` timestamp NULL DEFAULT NULL,
  PRIMARY KEY (`id`),
  UNIQUE KEY `settings_key_unique` (`key`)
) ENGINE=InnoDB AUTO_INCREMENT=33 DEFAULT CHARSET=utf8mb4 COLLATE=utf8mb4_unicode_ci;
/*!40101 SET character_set_client = @saved_cs_client */;

--
-- Dumping data for table `settings`
--

LOCK TABLES `settings` WRITE;
/*!40000 ALTER TABLE `settings` DISABLE KEYS */;
INSERT INTO `settings` VALUES (1,'media_random_hash','32ed130251644ef04431dd3e87108617',NULL,'2025-06-25 17:23:11'),(2,'api_enabled','0',NULL,'2025-06-25 17:23:11'),(3,'activated_plugins','[\"language\",\"language-advanced\",\"analytics\",\"announcement\",\"audit-log\",\"backup\",\"blog\",\"captcha\",\"contact\",\"cookie-consent\",\"faq\",\"fob-comment\",\"gallery\",\"newsletter\",\"portfolio\",\"request-log\",\"rss-feed\",\"testimonial\",\"translation\"]',NULL,'2025-06-25 17:23:11'),(4,'theme','zelio',NULL,'2025-06-25 17:23:11'),(5,'show_admin_bar','1',NULL,'2025-06-25 17:23:11'),(6,'language_hide_default','1',NULL,'2025-06-25 17:23:11'),(7,'language_switcher_display','dropdown',NULL,'2025-06-25 17:23:11'),(8,'language_display','all',NULL,'2025-06-25 17:23:11'),(9,'language_hide_languages','[]',NULL,'2025-06-25 17:23:11'),(10,'theme-zelio-favicon','main/general/favicon.png',NULL,NULL),(11,'theme-zelio-logo','main/general/favicon.png',NULL,NULL),(12,'theme-zelio-logo_dark','main/general/logo-dark.png',NULL,NULL),(13,'theme-zelio-site_title','Showcasing Creative Designs and Innovative Projects',NULL,NULL),(14,'theme-zelio-site_name','william.design',NULL,NULL),(15,'theme-zelio-seo_description','Discover innovative designs, creative projects, and unique artistic works. Showcasing the expertise and vision behind every creation.',NULL,NULL),(16,'theme-zelio-tp_primary_font','Urbanist',NULL,NULL),(17,'theme-zelio-primary_color','#6e4ef2',NULL,NULL),(18,'theme-zelio-gradient_color','#8c71ff',NULL,NULL),(19,'theme-zelio-homepage_id','1',NULL,NULL),(20,'theme-zelio-social_links','[[{\"key\":\"name\",\"value\":\"Facebook\"},{\"key\":\"icon\",\"value\":\"ti ti-brand-facebook\"},{\"key\":\"url\",\"value\":\"https:\\/\\/www.facebook.com\"}],[{\"key\":\"name\",\"value\":\"X (Twitter)\"},{\"key\":\"icon\",\"value\":\"ti ti-brand-x\"},{\"key\":\"url\",\"value\":\"https:\\/\\/x.com\"}],[{\"key\":\"name\",\"value\":\"YouTube\"},{\"key\":\"icon\",\"value\":\"ti ti-brand-youtube\"},{\"key\":\"url\",\"value\":\"https:\\/\\/www.youtube.com\"}],[{\"key\":\"name\",\"value\":\"Instagram\"},{\"key\":\"icon\",\"value\":\"ti ti-brand-linkedin\"},{\"key\":\"url\",\"value\":\"https:\\/\\/www.linkedin.com\"}]]',NULL,NULL),(21,'theme-zelio-copyright',' %Y All Rights Reserved by <a href=\"https://botble.com\" class=\"text-primary\">botble.com</a>.',NULL,NULL),(22,'theme-zelio-preloader_enabled','yes',NULL,NULL),(23,'theme-zelio-preloader_version','v2',NULL,NULL),(24,'theme-zelio-footer_background','main/general/footer-bg.png',NULL,NULL),(25,'theme-zelio-header_style','1',NULL,NULL),(26,'theme-zelio-footer_style','1',NULL,NULL),(27,'theme-zelio-preloader_style','1',NULL,NULL),(28,'theme-zelio-blog_page_id','5',NULL,NULL),(29,'theme-zelio-post_item_style','1',NULL,NULL),(30,'theme-zelio-post_item_per_row','3',NULL,NULL),(31,'theme-zelio-cookie_consent_learn_more_url','/cookie-policy',NULL,NULL),(32,'theme-zelio-cookie_consent_learn_more_text','Cookie Policy',NULL,NULL);
/*!40000 ALTER TABLE `settings` ENABLE KEYS */;
UNLOCK TABLES;

--
-- Table structure for table `slugs`
--

DROP TABLE IF EXISTS `slugs`;
/*!40101 SET @saved_cs_client     = @@character_set_client */;
/*!50503 SET character_set_client = utf8mb4 */;
CREATE TABLE `slugs` (
  `id` bigint unsigned NOT NULL AUTO_INCREMENT,
  `key` varchar(191) COLLATE utf8mb4_unicode_ci NOT NULL,
  `reference_id` bigint unsigned NOT NULL,
  `reference_type` varchar(191) COLLATE utf8mb4_unicode_ci NOT NULL,
  `prefix` varchar(120) COLLATE utf8mb4_unicode_ci DEFAULT '',
  `created_at` timestamp NULL DEFAULT NULL,
  `updated_at` timestamp NULL DEFAULT NULL,
  PRIMARY KEY (`id`),
  KEY `slugs_reference_id_index` (`reference_id`),
  KEY `slugs_key_index` (`key`),
  KEY `slugs_prefix_index` (`prefix`),
  KEY `slugs_reference_index` (`reference_id`,`reference_type`)
) ENGINE=InnoDB AUTO_INCREMENT=56 DEFAULT CHARSET=utf8mb4 COLLATE=utf8mb4_unicode_ci;
/*!40101 SET character_set_client = @saved_cs_client */;

--
-- Dumping data for table `slugs`
--

LOCK TABLES `slugs` WRITE;
/*!40000 ALTER TABLE `slugs` DISABLE KEYS */;
INSERT INTO `slugs` VALUES (1,'web-development',1,'Botble\\Blog\\Models\\Category','','2025-06-25 17:23:07','2025-06-25 17:23:07'),(2,'open-source-contributions',2,'Botble\\Blog\\Models\\Category','','2025-06-25 17:23:07','2025-06-25 17:23:07'),(3,'tutorials',3,'Botble\\Blog\\Models\\Category','','2025-06-25 17:23:07','2025-06-25 17:23:07'),(4,'technology-reviews',4,'Botble\\Blog\\Models\\Category','','2025-06-25 17:23:07','2025-06-25 17:23:07'),(5,'personal-blog',5,'Botble\\Blog\\Models\\Category','','2025-06-25 17:23:07','2025-06-25 17:23:07'),(6,'career-journey',6,'Botble\\Blog\\Models\\Category','','2025-06-25 17:23:07','2025-06-25 17:23:07'),(7,'coding-challenges',7,'Botble\\Blog\\Models\\Category','','2025-06-25 17:23:07','2025-06-25 17:23:07'),(8,'design-portfolio',8,'Botble\\Blog\\Models\\Category','','2025-06-25 17:23:07','2025-06-25 17:23:07'),(9,'collaborations',9,'Botble\\Blog\\Models\\Category','','2025-06-25 17:23:07','2025-06-25 17:23:07'),(10,'botble-cms',1,'Botble\\Blog\\Models\\Tag','tag','2025-06-25 17:23:07','2025-06-25 17:23:07'),(11,'javascript',2,'Botble\\Blog\\Models\\Tag','tag','2025-06-25 17:23:07','2025-06-25 17:23:07'),(12,'open-source',3,'Botble\\Blog\\Models\\Tag','tag','2025-06-25 17:23:07','2025-06-25 17:23:07'),(13,'web-design',4,'Botble\\Blog\\Models\\Tag','tag','2025-06-25 17:23:07','2025-06-25 17:23:07'),(14,'api-development',5,'Botble\\Blog\\Models\\Tag','tag','2025-06-25 17:23:07','2025-06-25 17:23:07'),(15,'full-stack-development',6,'Botble\\Blog\\Models\\Tag','tag','2025-06-25 17:23:07','2025-06-25 17:23:07'),(16,'vietnam-developer',7,'Botble\\Blog\\Models\\Tag','tag','2025-06-25 17:23:07','2025-06-25 17:23:07'),(17,'github-projects',8,'Botble\\Blog\\Models\\Tag','tag','2025-06-25 17:23:07','2025-06-25 17:23:07'),(18,'building-a-full-stack-app-with-the-tall-stack',1,'Botble\\Blog\\Models\\Post','','2025-06-25 17:23:08','2025-06-25 17:23:08'),(19,'my-journey-in-open-source-3-years-of-contributions',2,'Botble\\Blog\\Models\\Post','','2025-06-25 17:23:08','2025-06-25 17:23:08'),(20,'5-essential-tools-for-web-developers-in-2024',3,'Botble\\Blog\\Models\\Post','','2025-06-25 17:23:08','2025-06-25 17:23:08'),(21,'how-i-built-my-personal-portfolio-using-botble-cms',4,'Botble\\Blog\\Models\\Post','','2025-06-25 17:23:08','2025-06-25 17:23:08'),(22,'creating-responsive-uis-with-tailwind-css',5,'Botble\\Blog\\Models\\Post','','2025-06-25 17:23:08','2025-06-25 17:23:08'),(23,'why-i-love-contributing-to-open-source-projects',6,'Botble\\Blog\\Models\\Post','','2025-06-25 17:23:08','2025-06-25 17:23:08'),(24,'a-deep-dive-into-laravel-for-beginners',7,'Botble\\Blog\\Models\\Post','','2025-06-25 17:23:08','2025-06-25 17:23:08'),(25,'exploring-the-benefits-of-mysql-for-large-scale-projects',8,'Botble\\Blog\\Models\\Post','','2025-06-25 17:23:08','2025-06-25 17:23:08'),(26,'how-to-integrate-apis-in-nodejs-for-your-next-project',9,'Botble\\Blog\\Models\\Post','','2025-06-25 17:23:08','2025-06-25 17:23:08'),(27,'best-practices-for-designing-user-friendly-websites',10,'Botble\\Blog\\Models\\Post','','2025-06-25 17:23:08','2025-06-25 17:23:08'),(28,'lessons-from-my-first-web-development-job',11,'Botble\\Blog\\Models\\Post','','2025-06-25 17:23:08','2025-06-25 17:23:08'),(29,'how-to-contribute-to-open-source-a-beginners-guide',12,'Botble\\Blog\\Models\\Post','','2025-06-25 17:23:08','2025-06-25 17:23:08'),(30,'optimizing-web-performance-with-reactjs',13,'Botble\\Blog\\Models\\Post','','2025-06-25 17:23:08','2025-06-25 17:23:08'),(31,'my-top-5-github-projects',14,'Botble\\Blog\\Models\\Post','','2025-06-25 17:23:08','2025-06-25 17:23:08'),(32,'adapting-to-the-new-web-development-trends-in-2024',15,'Botble\\Blog\\Models\\Post','','2025-06-25 17:23:08','2025-06-25 17:23:08'),(33,'web-development',1,'Botble\\Portfolio\\Models\\Service','services','2025-06-25 17:23:09','2025-06-25 17:23:09'),(34,'uiux-design',2,'Botble\\Portfolio\\Models\\Service','services','2025-06-25 17:23:09','2025-06-25 17:23:09'),(35,'seo-optimization',3,'Botble\\Portfolio\\Models\\Service','services','2025-06-25 17:23:09','2025-06-25 17:23:09'),(36,'content-creation',4,'Botble\\Portfolio\\Models\\Service','services','2025-06-25 17:23:09','2025-06-25 17:23:09'),(37,'e-commerce-website',1,'Botble\\Portfolio\\Models\\Project','projects','2025-06-25 17:23:09','2025-06-25 17:23:09'),(38,'mobile-app-design',2,'Botble\\Portfolio\\Models\\Project','projects','2025-06-25 17:23:09','2025-06-25 17:23:09'),(39,'portfolio-website',3,'Botble\\Portfolio\\Models\\Project','projects','2025-06-25 17:23:09','2025-06-25 17:23:09'),(40,'seo-and-marketing-campaign',4,'Botble\\Portfolio\\Models\\Project','projects','2025-06-25 17:23:09','2025-06-25 17:23:09'),(41,'home',1,'Botble\\Page\\Models\\Page','','2025-06-25 17:23:11','2025-06-25 17:23:11'),(42,'services',2,'Botble\\Page\\Models\\Page','','2025-06-25 17:23:11','2025-06-25 17:23:11'),(43,'projects',3,'Botble\\Page\\Models\\Page','','2025-06-25 17:23:11','2025-06-25 17:23:11'),(44,'pricing',4,'Botble\\Page\\Models\\Page','','2025-06-25 17:23:11','2025-06-25 17:23:11'),(45,'blog',5,'Botble\\Page\\Models\\Page','','2025-06-25 17:23:11','2025-06-25 17:23:11'),(46,'contact',6,'Botble\\Page\\Models\\Page','','2025-06-25 17:23:11','2025-06-25 17:23:11'),(47,'cookie-policy',7,'Botble\\Page\\Models\\Page','','2025-06-25 17:23:11','2025-06-25 17:23:11'),(48,'perfect',1,'Botble\\Gallery\\Models\\Gallery','galleries','2025-06-25 17:23:13','2025-06-25 17:23:13'),(49,'new-day',2,'Botble\\Gallery\\Models\\Gallery','galleries','2025-06-25 17:23:13','2025-06-25 17:23:13'),(50,'happy-day',3,'Botble\\Gallery\\Models\\Gallery','galleries','2025-06-25 17:23:13','2025-06-25 17:23:13'),(51,'nature',4,'Botble\\Gallery\\Models\\Gallery','galleries','2025-06-25 17:23:13','2025-06-25 17:23:13'),(52,'morning',5,'Botble\\Gallery\\Models\\Gallery','galleries','2025-06-25 17:23:13','2025-06-25 17:23:13'),(53,'sunset',6,'Botble\\Gallery\\Models\\Gallery','galleries','2025-06-25 17:23:13','2025-06-25 17:23:13'),(54,'ocean-views',7,'Botble\\Gallery\\Models\\Gallery','galleries','2025-06-25 17:23:13','2025-06-25 17:23:13'),(55,'adventure-time',8,'Botble\\Gallery\\Models\\Gallery','galleries','2025-06-25 17:23:13','2025-06-25 17:23:13');
/*!40000 ALTER TABLE `slugs` ENABLE KEYS */;
UNLOCK TABLES;

--
-- Table structure for table `slugs_translations`
--

DROP TABLE IF EXISTS `slugs_translations`;
/*!40101 SET @saved_cs_client     = @@character_set_client */;
/*!50503 SET character_set_client = utf8mb4 */;
CREATE TABLE `slugs_translations` (
  `lang_code` varchar(20) COLLATE utf8mb4_unicode_ci NOT NULL,
  `slugs_id` bigint unsigned NOT NULL,
  `key` varchar(191) COLLATE utf8mb4_unicode_ci DEFAULT NULL,
  `prefix` varchar(120) COLLATE utf8mb4_unicode_ci DEFAULT '',
  PRIMARY KEY (`lang_code`,`slugs_id`)
) ENGINE=InnoDB DEFAULT CHARSET=utf8mb4 COLLATE=utf8mb4_unicode_ci;
/*!40101 SET character_set_client = @saved_cs_client */;

--
-- Dumping data for table `slugs_translations`
--

LOCK TABLES `slugs_translations` WRITE;
/*!40000 ALTER TABLE `slugs_translations` DISABLE KEYS */;
/*!40000 ALTER TABLE `slugs_translations` ENABLE KEYS */;
UNLOCK TABLES;

--
-- Table structure for table `tags`
--

DROP TABLE IF EXISTS `tags`;
/*!40101 SET @saved_cs_client     = @@character_set_client */;
/*!50503 SET character_set_client = utf8mb4 */;
CREATE TABLE `tags` (
  `id` bigint unsigned NOT NULL AUTO_INCREMENT,
  `name` varchar(120) COLLATE utf8mb4_unicode_ci NOT NULL,
  `author_id` bigint unsigned DEFAULT NULL,
  `author_type` varchar(191) COLLATE utf8mb4_unicode_ci NOT NULL,
  `description` varchar(400) COLLATE utf8mb4_unicode_ci DEFAULT NULL,
  `status` varchar(60) COLLATE utf8mb4_unicode_ci NOT NULL DEFAULT 'published',
  `created_at` timestamp NULL DEFAULT NULL,
  `updated_at` timestamp NULL DEFAULT NULL,
  PRIMARY KEY (`id`)
) ENGINE=InnoDB AUTO_INCREMENT=9 DEFAULT CHARSET=utf8mb4 COLLATE=utf8mb4_unicode_ci;
/*!40101 SET character_set_client = @saved_cs_client */;

--
-- Dumping data for table `tags`
--

LOCK TABLES `tags` WRITE;
/*!40000 ALTER TABLE `tags` DISABLE KEYS */;
INSERT INTO `tags` VALUES (1,'Botble CMS',1,'Botble\\ACL\\Models\\User',NULL,'published','2025-06-25 17:23:07','2025-06-25 17:23:07'),(2,'JavaScript',1,'Botble\\ACL\\Models\\User',NULL,'published','2025-06-25 17:23:07','2025-06-25 17:23:07'),(3,'Open Source',1,'Botble\\ACL\\Models\\User',NULL,'published','2025-06-25 17:23:07','2025-06-25 17:23:07'),(4,'Web Design',1,'Botble\\ACL\\Models\\User',NULL,'published','2025-06-25 17:23:07','2025-06-25 17:23:07'),(5,'API Development',1,'Botble\\ACL\\Models\\User',NULL,'published','2025-06-25 17:23:07','2025-06-25 17:23:07'),(6,'Full Stack Development',1,'Botble\\ACL\\Models\\User',NULL,'published','2025-06-25 17:23:07','2025-06-25 17:23:07'),(7,'Vietnam Developer',1,'Botble\\ACL\\Models\\User',NULL,'published','2025-06-25 17:23:07','2025-06-25 17:23:07'),(8,'GitHub Projects',1,'Botble\\ACL\\Models\\User',NULL,'published','2025-06-25 17:23:07','2025-06-25 17:23:07');
/*!40000 ALTER TABLE `tags` ENABLE KEYS */;
UNLOCK TABLES;

--
-- Table structure for table `tags_translations`
--

DROP TABLE IF EXISTS `tags_translations`;
/*!40101 SET @saved_cs_client     = @@character_set_client */;
/*!50503 SET character_set_client = utf8mb4 */;
CREATE TABLE `tags_translations` (
  `lang_code` varchar(20) COLLATE utf8mb4_unicode_ci NOT NULL,
  `tags_id` bigint unsigned NOT NULL,
  `name` varchar(191) COLLATE utf8mb4_unicode_ci DEFAULT NULL,
  `description` varchar(400) COLLATE utf8mb4_unicode_ci DEFAULT NULL,
  PRIMARY KEY (`lang_code`,`tags_id`)
) ENGINE=InnoDB DEFAULT CHARSET=utf8mb4 COLLATE=utf8mb4_unicode_ci;
/*!40101 SET character_set_client = @saved_cs_client */;

--
-- Dumping data for table `tags_translations`
--

LOCK TABLES `tags_translations` WRITE;
/*!40000 ALTER TABLE `tags_translations` DISABLE KEYS */;
/*!40000 ALTER TABLE `tags_translations` ENABLE KEYS */;
UNLOCK TABLES;

--
-- Table structure for table `testimonials`
--

DROP TABLE IF EXISTS `testimonials`;
/*!40101 SET @saved_cs_client     = @@character_set_client */;
/*!50503 SET character_set_client = utf8mb4 */;
CREATE TABLE `testimonials` (
  `id` bigint unsigned NOT NULL AUTO_INCREMENT,
  `name` varchar(120) COLLATE utf8mb4_unicode_ci NOT NULL,
  `content` text COLLATE utf8mb4_unicode_ci NOT NULL,
  `image` varchar(191) COLLATE utf8mb4_unicode_ci DEFAULT NULL,
  `company` varchar(120) COLLATE utf8mb4_unicode_ci DEFAULT NULL,
  `status` varchar(60) COLLATE utf8mb4_unicode_ci NOT NULL DEFAULT 'published',
  `created_at` timestamp NULL DEFAULT NULL,
  `updated_at` timestamp NULL DEFAULT NULL,
  PRIMARY KEY (`id`)
) ENGINE=InnoDB AUTO_INCREMENT=5 DEFAULT CHARSET=utf8mb4 COLLATE=utf8mb4_unicode_ci;
/*!40101 SET character_set_client = @saved_cs_client */;

--
-- Dumping data for table `testimonials`
--

LOCK TABLES `testimonials` WRITE;
/*!40000 ALTER TABLE `testimonials` DISABLE KEYS */;
INSERT INTO `testimonials` VALUES (1,'Jennifer Lee','Working with this team was an absolute pleasure. Their attention to detail, professionalism, and understanding of my needs made the entire home buying process stress-free and enjoyable.','main/avatars/2.png','Happy Home Seeker','published','2025-06-25 17:23:08','2025-06-25 17:23:08'),(2,'Robert Evans','The guidance and insights provided by this team were invaluable in helping me secure profitable investments. Their market knowledge and dedication to client success are unmatched.','main/avatars/1.png','Property Investor','published','2025-06-25 17:23:08','2025-06-25 17:23:08'),(3,'Jessica White','I couldnt have asked for a smoother selling experience. Their expert advice, flawless staging, and negotiation skills resulted in a quick sale at a great price. Truly impressive!','main/avatars/2.png','Delighted Home Seller','published','2025-06-25 17:23:08','2025-06-25 17:23:08'),(4,'Daniel Miller','From start to finish, the home buying experience was handled with care and professionalism. The team listened to all my concerns and helped me find the perfect home in no time.','main/avatars/1.png','Happy New Homeowner','published','2025-06-25 17:23:08','2025-06-25 17:23:08');
/*!40000 ALTER TABLE `testimonials` ENABLE KEYS */;
UNLOCK TABLES;

--
-- Table structure for table `testimonials_translations`
--

DROP TABLE IF EXISTS `testimonials_translations`;
/*!40101 SET @saved_cs_client     = @@character_set_client */;
/*!50503 SET character_set_client = utf8mb4 */;
CREATE TABLE `testimonials_translations` (
  `lang_code` varchar(20) COLLATE utf8mb4_unicode_ci NOT NULL,
  `testimonials_id` bigint unsigned NOT NULL,
  `name` varchar(191) COLLATE utf8mb4_unicode_ci DEFAULT NULL,
  `content` text COLLATE utf8mb4_unicode_ci,
  `company` varchar(120) COLLATE utf8mb4_unicode_ci DEFAULT NULL,
  PRIMARY KEY (`lang_code`,`testimonials_id`)
) ENGINE=InnoDB DEFAULT CHARSET=utf8mb4 COLLATE=utf8mb4_unicode_ci;
/*!40101 SET character_set_client = @saved_cs_client */;

--
-- Dumping data for table `testimonials_translations`
--

LOCK TABLES `testimonials_translations` WRITE;
/*!40000 ALTER TABLE `testimonials_translations` DISABLE KEYS */;
/*!40000 ALTER TABLE `testimonials_translations` ENABLE KEYS */;
UNLOCK TABLES;

--
-- Table structure for table `user_meta`
--

DROP TABLE IF EXISTS `user_meta`;
/*!40101 SET @saved_cs_client     = @@character_set_client */;
/*!50503 SET character_set_client = utf8mb4 */;
CREATE TABLE `user_meta` (
  `id` bigint unsigned NOT NULL AUTO_INCREMENT,
  `key` varchar(120) COLLATE utf8mb4_unicode_ci DEFAULT NULL,
  `value` text COLLATE utf8mb4_unicode_ci,
  `user_id` bigint unsigned NOT NULL,
  `created_at` timestamp NULL DEFAULT NULL,
  `updated_at` timestamp NULL DEFAULT NULL,
  PRIMARY KEY (`id`),
  KEY `user_meta_user_id_index` (`user_id`)
) ENGINE=InnoDB DEFAULT CHARSET=utf8mb4 COLLATE=utf8mb4_unicode_ci;
/*!40101 SET character_set_client = @saved_cs_client */;

--
-- Dumping data for table `user_meta`
--

LOCK TABLES `user_meta` WRITE;
/*!40000 ALTER TABLE `user_meta` DISABLE KEYS */;
/*!40000 ALTER TABLE `user_meta` ENABLE KEYS */;
UNLOCK TABLES;

--
-- Table structure for table `users`
--

DROP TABLE IF EXISTS `users`;
/*!40101 SET @saved_cs_client     = @@character_set_client */;
/*!50503 SET character_set_client = utf8mb4 */;
CREATE TABLE `users` (
  `id` bigint unsigned NOT NULL AUTO_INCREMENT,
  `email` varchar(191) COLLATE utf8mb4_unicode_ci NOT NULL,
  `email_verified_at` timestamp NULL DEFAULT NULL,
  `password` varchar(120) COLLATE utf8mb4_unicode_ci DEFAULT NULL,
  `remember_token` varchar(100) COLLATE utf8mb4_unicode_ci DEFAULT NULL,
  `created_at` timestamp NULL DEFAULT NULL,
  `updated_at` timestamp NULL DEFAULT NULL,
  `first_name` varchar(120) COLLATE utf8mb4_unicode_ci DEFAULT NULL,
  `last_name` varchar(120) COLLATE utf8mb4_unicode_ci DEFAULT NULL,
  `username` varchar(60) COLLATE utf8mb4_unicode_ci DEFAULT NULL,
  `avatar_id` bigint unsigned DEFAULT NULL,
  `super_user` tinyint(1) NOT NULL DEFAULT '0',
  `manage_supers` tinyint(1) NOT NULL DEFAULT '0',
  `permissions` text COLLATE utf8mb4_unicode_ci,
  `last_login` timestamp NULL DEFAULT NULL,
  PRIMARY KEY (`id`),
  UNIQUE KEY `users_email_unique` (`email`),
  UNIQUE KEY `users_username_unique` (`username`)
) ENGINE=InnoDB AUTO_INCREMENT=2 DEFAULT CHARSET=utf8mb4 COLLATE=utf8mb4_unicode_ci;
/*!40101 SET character_set_client = @saved_cs_client */;

--
-- Dumping data for table `users`
--

LOCK TABLES `users` WRITE;
/*!40000 ALTER TABLE `users` DISABLE KEYS */;
INSERT INTO `users` VALUES (1,'djacobi@hermiston.com',NULL,'$2y$12$QoqN.2Ljrs5p.E7tlZtGduou7O9FBM3LE7sgZCBjEJThkbjhes53m',NULL,'2025-06-25 17:23:06','2025-06-25 17:23:06','Alexis','Donnelly','admin',NULL,1,1,NULL,NULL);
/*!40000 ALTER TABLE `users` ENABLE KEYS */;
UNLOCK TABLES;

--
-- Table structure for table `widgets`
--

DROP TABLE IF EXISTS `widgets`;
/*!40101 SET @saved_cs_client     = @@character_set_client */;
/*!50503 SET character_set_client = utf8mb4 */;
CREATE TABLE `widgets` (
  `id` bigint unsigned NOT NULL AUTO_INCREMENT,
  `widget_id` varchar(120) COLLATE utf8mb4_unicode_ci NOT NULL,
  `sidebar_id` varchar(120) COLLATE utf8mb4_unicode_ci NOT NULL,
  `theme` varchar(120) COLLATE utf8mb4_unicode_ci NOT NULL,
  `position` tinyint unsigned NOT NULL DEFAULT '0',
  `data` text COLLATE utf8mb4_unicode_ci,
  `created_at` timestamp NULL DEFAULT NULL,
  `updated_at` timestamp NULL DEFAULT NULL,
  PRIMARY KEY (`id`)
) ENGINE=InnoDB AUTO_INCREMENT=7 DEFAULT CHARSET=utf8mb4 COLLATE=utf8mb4_unicode_ci;
/*!40101 SET character_set_client = @saved_cs_client */;

--
-- Dumping data for table `widgets`
--

LOCK TABLES `widgets` WRITE;
/*!40000 ALTER TABLE `widgets` DISABLE KEYS */;
INSERT INTO `widgets` VALUES (1,'ContactInformationWidget','sidebar_panel_sidebar','zelio',1,'{\"bio\":\"I\'m always excited to take on new projects and collaborate with innovative minds.\",\"details\":{\"Phone\":[{\"key\":\"label\",\"value\":\"Phone\"},{\"key\":\"value\",\"value\":\"+1 234 567 890\"}],\"Email\":[{\"key\":\"label\",\"value\":\"Email\"},{\"key\":\"value\",\"value\":\"contact@botble.com\"}],\"Website\":[{\"key\":\"label\",\"value\":\"Website\"},{\"key\":\"value\",\"value\":\"https:\\/\\/botble.com\"}],\"Address\":[{\"key\":\"label\",\"value\":\"Address\"},{\"key\":\"value\",\"value\":\"123 Main Street, New York, NY 10001\"}]}}','2025-06-25 17:23:11','2025-06-25 17:23:11'),(2,'SocialLinkWidget','sidebar_panel_sidebar','zelio',2,'{\"name\":\"Social\"}','2025-06-25 17:23:11','2025-06-25 17:23:11'),(3,'LanguageSwitcherWidget','sidebar_panel_sidebar','zelio',3,'[]','2025-06-25 17:23:11','2025-06-25 17:23:11'),(4,'SiteLogoWidget','footer_sidebar','zelio',1,'[]','2025-06-25 17:23:11','2025-06-25 17:23:11'),(5,'Botble\\Widget\\Widgets\\CoreSimpleMenu','footer_sidebar','zelio',2,'{\"id\":\"Botble\\\\Widget\\\\Widgets\\\\CoreSimpleMenu\",\"items\":[[{\"key\":\"label\",\"value\":\"Home\"},{\"key\":\"url\",\"value\":\"http:\\/\\/zelio.test\\/home\"}],[{\"key\":\"label\",\"value\":\"Services\"},{\"key\":\"url\",\"value\":\"http:\\/\\/zelio.test\\/services\"}],[{\"key\":\"label\",\"value\":\"Pricing\"},{\"key\":\"url\",\"value\":\"http:\\/\\/zelio.test\\/pricing\"}],[{\"key\":\"label\",\"value\":\"Blog\"},{\"key\":\"url\",\"value\":\"http:\\/\\/zelio.test\\/blog\"}],[{\"key\":\"label\",\"value\":\"Contact\"},{\"key\":\"url\",\"value\":\"http:\\/\\/zelio.test\\/contact\"}]]}','2025-06-25 17:23:11','2025-06-25 17:23:11'),(6,'SiteCopyrightWidget','footer_sidebar','zelio',3,'[]','2025-06-25 17:23:11','2025-06-25 17:23:11');
/*!40000 ALTER TABLE `widgets` ENABLE KEYS */;
UNLOCK TABLES;
/*!40103 SET TIME_ZONE=@OLD_TIME_ZONE */;

/*!40101 SET SQL_MODE=@OLD_SQL_MODE */;
/*!40014 SET FOREIGN_KEY_CHECKS=@OLD_FOREIGN_KEY_CHECKS */;
/*!40014 SET UNIQUE_CHECKS=@OLD_UNIQUE_CHECKS */;
/*!40101 SET CHARACTER_SET_CLIENT=@OLD_CHARACTER_SET_CLIENT */;
/*!40101 SET CHARACTER_SET_RESULTS=@OLD_CHARACTER_SET_RESULTS */;
/*!40101 SET COLLATION_CONNECTION=@OLD_COLLATION_CONNECTION */;
/*!40111 SET SQL_NOTES=@OLD_SQL_NOTES */;

-- Dump completed on 2025-06-26  7:23:14
